house_id,square_footage,bedrooms,bathrooms,neighborhood,year_built,garage_spaces,sale_price
H10000,2298.0,5,1.0,Rural,1957,2,267876.71
H10001,1917.0,3,1.0,Suburbs,1987,2,414178.02
H10002,2388.6,4,1.5,Suburbs,2005,1,488565.41
H10003,2913.8,5,3.0,Suburbs,1996,1,592691.62
H10004,,3,1.5,Suburbs,1959,3,389021.3
H10005,1859.5,3,1.0,Suburbs,1998,3,415283.86
H10006,2947.5,6,2.0,Rural,1990,1,341085.32
H10007,2460.5,5,1.0,Suburbs,1979,2,500270.65
H10008,1718.3,3,1.5,Rural,1954,1,227977.8
H10009,2325.5,6,1.5,Downtown,2020,1,814163.01
H10010,,2,1.0,Uptown,1980,0,418775.62
H10011,1720.6,3,2.0,Rural,2001,1,262018.52
H10012,2145.2,4,1.0,Downtown,1972,2,645359.55
H10013,852.0,1,1.0,Rural,1997,0,149557.29
H10014,965.0,2,1.0,Suburbs,1989,1,253212.69
H10015,1662.6,3,1.5,Rural,1955,2,214238.88
H10016,1392.3,4,1.0,Uptown,1987,2,470204.85
H10017,2188.5,5,1.0,Suburbs,1990,2,449356.74
H10018,1455.2,2,1.0,Downtown,1976,3,514057.41
H10019,1152.6,4,1.0,Suburbs,2018,0,356503.16
H10020,2879.4,6,2.5,Downtown,2006,2,920670.35
H10021,1864.5,4,1.0,Downtown,1966,2,611018.68
H10022,2040.5,4,1.5,Downtown,2020,2,715447.64
H10023,1145.2,2,1.5,Suburbs,1996,1,318161.9
H10024,1673.4,3,1.0,Uptown,1962,0,392867.23
H10025,2066.6,5,1.5,Downtown,1960,2,691761.31
H10026,1309.4,4,1.0,Downtown,1973,1,505624.57
H10027,2225.4,5,2.0,Suburbs,2022,2,523780.87
H10028,1639.6,3,1.0,Downtown,1953,2,478549.69
H10029,1825.0,3,1.5,Downtown,1995,2,623817.5
H10030,1639.0,3,1.0,Downtown,1967,2,507356.8
H10031,3111.4,4,2.0,Rural,1992,2,360291.22
H10032,1991.9,4,1.5,Uptown,1982,1,556110.15
H10033,1365.4,3,1.0,Suburbs,1959,2,297723.77
H10034,2493.5,4,2.0,Uptown,2022,2,725604.71
H10035,1267.5,1,1.0,Suburbs,2008,1,319182.88
H10036,2125.3,4,1.5,Uptown,1980,1,582786.98
H10037,824.2,1,1.0,Uptown,1977,0,274307.74
H10038,1203.1,2,1.0,Suburbs,2009,3,318137.74
H10039,2118.1,2,1.5,Suburbs,1952,0,380842.09
H10040,2443.1,5,2.0,Downtown,2004,2,800198.82
H10041,2102.8,5,1.5,Suburbs,1963,1,411491.81
H10042,1930.6,5,1.0,Rural,2007,1,287684.58
H10043,1819.3,3,1.5,Suburbs,1964,2,412811.65
H10044,1112.9,2,1.0,Uptown,1951,0,304291.62
H10045,1568.1,3,1.0,Rural,1973,2,242489.55
H10046,1723.6,3,1.5,Downtown,2013,2,629620.73
H10047,2634.3,5,1.5,Uptown,2020,2,728939.8
H10048,2206.2,5,1.5,Uptown,1973,0,566105.8
H10049,942.2,3,1.5,Rural,1976,2,197392.9
H10050,2194.5,4,1.0,Rural,1986,2,260298.27
H10051,1769.0,3,1.0,Uptown,1988,2,517085.34
H10052,1593.8,2,1.0,Downtown,2012,1,539504.97
H10053,2367.0,4,1.5,Uptown,1975,2,608048.3
H10054,2618.6,5,2.5,Downtown,2014,3,899301.69
H10055,2558.8,5,1.5,Uptown,1953,2,630067.27
H10056,1496.5,4,1.0,Rural,1978,1,203673.87
H10057,1814.5,3,1.5,Suburbs,1950,1,371728.78
H10058,2198.8,5,1.0,Suburbs,1999,1,493811.93
H10059,2585.3,5,1.5,Suburbs,1960,1,496909.6
H10060,1712.5,3,1.5,Suburbs,2023,1,405677.91
H10061,1888.6,3,1.0,Suburbs,2008,1,403973.43
H10062,1336.2,1,1.0,Uptown,2011,2,430645.78
H10063,1282.3,3,1.0,Rural,1985,0,187137.82
H10064,2487.5,5,1.0,Rural,2005,2,298683.13
H10065,2813.7,5,2.0,Downtown,1970,0,794819.49
H10066,1956.8,4,2.0,Rural,1962,1,246571.86
H10067,2602.1,5,2.0,Uptown,1958,0,605095.05
H10068,2217.0,3,1.5,Suburbs,1960,1,399103.9
H10069,1612.9,3,1.5,Downtown,2019,2,609765.14
H10070,2216.8,5,1.0,Suburbs,1950,2,433927.62
H10071,2922.8,4,2.5,Rural,2019,1,383382.36
H10072,1978.5,4,1.5,Suburbs,2005,1,447993.09
H10073,2938.8,4,2.5,Uptown,1980,1,708439.07
H10074,600.0,2,1.0,Suburbs,1986,2,235309.46
H10075,2493.1,5,2.5,Uptown,1996,2,702148.76
H10076,2052.2,3,2.0,Downtown,1996,2,681772.46
H10077,1820.6,4,1.5,Suburbs,2018,2,459179.99
H10078,2055.1,3,1.5,Suburbs,2007,2,470745.24
H10079,807.5,1,1.0,Downtown,1985,0,324978.26
H10080,1868.2,4,2.0,Uptown,1981,1,566923.12
H10081,2214.3,5,1.5,Downtown,2013,3,793188.5
H10082,2886.7,4,1.0,Uptown,2020,2,730919.29
H10083,1689.0,3,1.0,Suburbs,1991,2,415832.38
H10084,1514.9,3,1.0,Suburbs,1997,2,372693.38
H10085,1698.9,4,1.5,Downtown,2023,1,630783.37
H10086,2549.2,5,2.0,Downtown,1979,2,810657.12
H10087,2197.3,4,2.0,Rural,1970,2,305768.71
H10088,1682.1,3,1.0,Suburbs,2009,1,387361.89
H10089,2308.0,4,1.5,Uptown,1962,2,581287.08
H10090,2058.2,3,1.0,Rural,1950,2,229008.13
H10091,2581.2,2,2.0,Downtown,2014,0,751334.63
H10092,1578.8,3,1.0,Suburbs,1982,1,367620.03
H10093,1803.4,4,1.5,Uptown,1987,1,535588.13
H10094,1764.7,2,1.0,Rural,1974,2,217386.78
H10095,1121.9,2,1.5,Rural,1975,1,191446.33
H10096,2177.7,5,2.0,Suburbs,2008,2,503628.11
H10097,2156.6,6,2.0,Uptown,1982,2,658698.56
H10098,2003.1,4,1.5,Downtown,1990,1,644231.31
H10099,1859.2,3,1.5,Rural,1979,3,254331.18
H10100,1150.8,2,1.0,Rural,2006,3,196352.55
H10101,1747.6,5,1.5,Downtown,1998,0,618232.52
H10102,1794.4,3,2.0,Suburbs,1997,1,403663.76
H10103,1518.6,2,1.5,Downtown,2021,3,619026.87
H10104,1903.2,3,1.0,Suburbs,1998,3,416393.54
H10105,2242.4,3,1.5,Uptown,1996,0,561015.68
H10106,3131.7,6,1.5,Suburbs,2005,0,632620.29
H10107,2104.7,5,1.5,Downtown,2014,0,722022.12
H10108,2154.5,4,1.5,Suburbs,1961,3,409766.92
H10109,1955.3,4,1.0,Rural,2018,0,251105.06
H10110,848.7,2,1.0,Suburbs,1955,2,203668.63
H10111,1984.1,3,1.5,Suburbs,2014,2,436830.64
H10112,2036.1,5,1.5,Downtown,1974,0,587927.14
H10113,3477.9,6,2.0,Rural,1950,2,370757.22
H10114,1884.6,3,1.5,Uptown,1981,1,495265.89
H10115,2180.9,6,1.5,Suburbs,1952,2,458609.99
H10116,1979.2,4,1.5,Downtown,1998,1,631874.31
H10117,1298.8,2,1.0,Downtown,1968,2,448026.45
H10118,2685.7,5,2.5,Downtown,2009,2,864201.12
H10119,2451.2,6,2.5,Suburbs,1978,1,546668.47
H10120,2474.6,5,1.5,Rural,1999,0,321742.93
H10121,1454.4,2,1.0,Suburbs,1951,1,299304.29
H10122,2841.7,6,2.0,Uptown,2022,1,781602.34
H10123,1158.9,2,1.0,Suburbs,2005,2,347847.43
H10124,2352.1,6,1.5,Uptown,1966,2,616634.29
H10125,3314.3,6,2.5,Uptown,2009,1,835273.27
H10126,1405.7,2,1.0,Downtown,1985,2,490265.33
H10127,1660.2,4,2.0,Suburbs,2010,2,467037.14
H10128,2059.8,4,1.5,Suburbs,1966,2,424139.81
H10129,1697.9,4,1.0,Downtown,1998,1,587875.95
H10130,1069.6,3,1.0,Suburbs,2009,1,292723.58
H10131,2041.1,3,1.5,Suburbs,1969,1,415125.48
H10132,1362.6,2,1.0,Rural,1999,2,216206.12
H10133,2284.2,5,2.0,Suburbs,1952,1,464934.78
H10134,1448.3,3,1.0,Uptown,1992,1,436203.58
H10135,2930.0,5,2.0,Suburbs,2006,0,561994.68
H10136,1530.0,2,1.5,Uptown,1999,2,457190.66
H10137,1806.8,4,1.0,Suburbs,2017,1,427069.66
H10138,2488.1,6,2.0,Rural,1999,0,300337.83
H10139,,2,1.0,Suburbs,1986,1,281716.52
H10140,2136.5,4,2.0,Suburbs,1995,1,457021.75
H10141,2784.3,6,1.0,Suburbs,1991,2,551776.94
H10142,1035.5,2,1.0,Suburbs,1964,1,242191.53
H10143,2110.8,4,1.5,Downtown,1982,1,662937.13
H10144,2155.9,3,1.5,Downtown,1960,2,627753.06
H10145,2469.1,5,2.0,Downtown,1969,1,734114.53
H10146,1257.8,2,1.0,Rural,1973,0,167108.92
H10147,1207.7,3,1.0,Downtown,2013,2,505517.78
H10148,2313.2,5,1.5,Downtown,2014,1,764448.87
H10149,2178.2,6,1.0,Uptown,2022,1,659256.8
H10150,2150.3,5,2.0,Suburbs,1966,0,416489.78
H10151,2207.9,4,1.5,Suburbs,2010,1,491879.68
H10152,1592.0,3,1.0,Downtown,1964,2,502835.82
H10153,,4,1.5,Rural,2000,2,283788.01
H10154,2175.8,4,1.0,Rural,1976,2,282126.91
H10155,1571.4,3,1.0,Rural,2023,0,239825.17
H10156,3119.5,6,1.5,Suburbs,2010,1,616850.77
H10157,2284.3,5,1.5,Uptown,2007,2,657713.28
H10158,1285.2,2,1.5,Downtown,1980,3,509551.9
H10159,2393.9,5,2.0,Downtown,1961,0,705028.21
H10160,1415.2,4,1.0,Downtown,1995,1,525958.9
H10161,2472.3,5,2.0,Suburbs,1980,1,491746.69
H10162,2695.2,3,1.5,Suburbs,1981,0,448333.55
H10163,1507.6,3,1.0,Suburbs,1981,1,341221.35
H10164,2578.0,6,1.5,Downtown,2002,0,795804.16
H10165,2247.7,4,1.0,Suburbs,2010,2,500763.1
H10166,2493.2,4,1.5,Uptown,1995,2,666030.66
H10167,3138.1,5,2.0,Suburbs,2023,0,634582.53
H10168,1852.8,4,1.5,Uptown,1956,0,468371.21
H10169,1547.8,4,1.0,Downtown,1953,2,531168.75
H10170,1466.3,3,1.0,Uptown,2001,0,436607.7
H10171,1510.5,3,1.5,Suburbs,1980,2,371925.6
H10172,1953.7,3,1.0,Downtown,1985,1,572791.64
H10173,2204.7,3,2.0,Downtown,2003,2,718371.44
H10174,2166.0,5,1.0,Suburbs,2003,1,440151.42
H10175,2496.3,4,1.5,Uptown,1966,0,588217.29
H10176,2007.8,5,1.0,Suburbs,1979,1,433541.45
H10177,2872.1,6,2.0,Suburbs,1971,0,537839.93
H10178,1841.2,4,1.5,Rural,1992,1,233210.26
H10179,3632.1,6,2.5,Uptown,1976,2,891299.61
H10180,2375.4,5,2.0,Suburbs,1986,1,496496.11
H10181,1485.7,3,1.5,Suburbs,1995,0,340941.1
H10182,1357.5,2,1.0,Downtown,1984,2,481972.05
H10183,2289.5,5,1.5,Suburbs,1953,2,496288.05
H10184,1865.9,3,1.0,Suburbs,1975,3,417213.22
H10185,2428.4,5,2.0,Rural,1968,2,316483.43
H10186,2283.9,4,1.0,Suburbs,1994,1,466606.3
H10187,1956.3,4,2.0,Suburbs,1975,2,436253.6
H10188,1491.9,3,1.5,Suburbs,1971,3,325089.62
H10189,1091.1,2,1.5,Rural,2007,2,182973.89
H10190,1732.1,4,1.0,Uptown,2012,1,528197.58
H10191,2513.8,4,2.0,Suburbs,1977,1,462537.33
H10192,2128.5,5,2.5,Uptown,2014,1,640977.94
H10193,1252.6,2,1.0,Suburbs,1993,2,287594.26
H10194,2103.9,4,1.0,Suburbs,1992,2,447894.17
H10195,2231.2,6,1.0,Downtown,1986,2,743895.77
H10196,1469.7,2,1.5,Suburbs,2015,0,367963.88
H10197,2092.2,3,1.0,Downtown,1966,2,615324.08
H10198,2034.9,4,1.5,Rural,1989,2,253863.67
H10199,1314.2,3,1.0,Suburbs,1987,1,292725.16
H10200,2214.7,4,1.5,Rural,2010,2,267503.38
H10201,2336.5,5,2.0,Suburbs,1958,1,446341.75
H10202,2649.8,5,2.0,Suburbs,2010,2,553646.79
H10203,2632.3,6,2.5,Suburbs,1965,2,542477.52
H10204,1173.4,3,1.0,Downtown,1951,2,405999.24
H10205,1437.3,3,1.0,Suburbs,2021,2,387561.24
H10206,2309.0,5,1.5,Downtown,1992,2,743639.71
H10207,2308.3,6,2.0,Suburbs,1991,1,510150.77
H10208,2309.0,4,2.0,Suburbs,2006,1,512187.19
H10209,4311.6,6,3.0,Uptown,2016,2,1031912.19
H10210,2342.5,5,2.0,Downtown,1979,1,736936.74
H10211,2681.3,5,1.5,Downtown,1962,1,750931.49
H10212,2572.4,3,2.5,Suburbs,1968,2,490685.83
H10213,2390.8,5,2.5,Rural,1956,2,308418.95
H10214,1810.8,3,1.5,Uptown,1958,1,484176.01
H10215,2455.4,5,2.5,Suburbs,2003,1,520448.42
H10216,1536.3,3,1.0,Suburbs,2010,1,368624.18
H10217,1857.9,4,1.0,Downtown,1951,1,553141.77
H10218,1708.8,4,1.0,Rural,1999,0,226337.19
H10219,2049.1,4,2.0,Uptown,1980,2,593638.74
H10220,3388.8,6,2.0,Suburbs,1982,1,634873.3
H10221,879.6,2,1.0,Suburbs,1960,1,255045.32
H10222,2411.8,5,2.5,Downtown,1982,1,739661.91
H10223,1032.4,3,1.0,Rural,1956,3,166694.13
H10224,,3,1.5,Downtown,1980,1,545903.82
H10225,2653.4,6,1.5,Suburbs,1997,0,544466.05
H10226,2038.6,3,1.0,Downtown,1996,0,584184.66
H10227,1353.4,3,1.5,Uptown,2002,2,477617.78
H10228,1570.8,3,1.5,Uptown,1968,2,452696.85
H10229,2407.8,6,1.5,Uptown,1955,1,607697.92
H10230,1561.8,3,1.0,Suburbs,1998,1,340716.13
H10231,2129.9,4,1.0,Rural,2022,0,267574.87
H10232,2027.3,4,1.0,Downtown,1999,2,685689.27
H10233,1609.0,3,2.0,Suburbs,1961,2,362706.94
H10234,3286.4,6,1.5,Downtown,1972,0,888961.17
H10235,2380.4,3,2.0,Rural,2003,0,309154.93
H10236,784.9,1,1.0,Suburbs,2018,0,251146.07
H10237,2111.9,3,1.0,Uptown,2008,0,545970.13
H10238,1602.9,4,1.5,Uptown,1985,2,515765.57
H10239,2511.5,6,2.0,Downtown,1952,0,716898.36
H10240,1524.5,3,1.0,Downtown,2007,1,542841.42
H10241,1931.2,4,2.5,Suburbs,2004,0,422940.58
H10242,2303.0,4,1.0,Suburbs,2006,3,512252.95
H10243,2519.5,6,2.0,Downtown,1966,2,777711.52
H10244,1279.8,2,1.0,Downtown,1988,1,458099.46
H10245,1799.3,4,1.5,Rural,2017,1,245410.12
H10246,1715.0,4,1.5,Rural,2004,1,253621.58
H10247,1608.0,4,1.0,Suburbs,1994,1,367531.18
H10248,3059.3,6,2.0,Suburbs,1950,0,544987.07
H10249,2243.0,5,1.0,Downtown,1970,2,700405.42
H10250,1243.5,1,1.0,Uptown,1970,2,373542.65
H10251,2550.7,5,2.0,Uptown,2001,2,709581.43
H10252,,5,2.5,Downtown,1992,0,888170.9
H10253,2619.5,3,2.5,Downtown,2001,2,846398.41
H10254,1088.4,3,1.0,Uptown,2016,2,462474.86
H10255,1709.5,4,1.5,Suburbs,1993,0,398975.27
H10256,2760.1,5,1.5,Downtown,1981,1,782528.35
H10257,1575.4,4,1.0,Suburbs,1959,0,326343.92
H10258,2266.3,6,2.0,Suburbs,2013,1,518803.69
H10259,2464.8,6,2.5,Suburbs,2018,1,584731.49
H10260,1443.8,4,1.0,Uptown,2017,2,516476.85
H10261,1964.3,4,1.5,Uptown,1977,1,527365.97
H10262,600.0,2,1.0,Suburbs,2002,3,252938.67
H10263,1385.4,2,1.5,Rural,2000,0,212564.28
H10264,1848.5,3,1.5,Suburbs,2002,3,458816.56
H10265,1251.3,2,2.0,Uptown,1953,1,393632.47
H10266,2979.4,6,1.5,Suburbs,1966,2,578889.09
H10267,1141.9,2,1.0,Rural,2016,1,185228.52
H10268,1736.0,3,1.5,Rural,2023,0,195167.37
H10269,2078.4,4,2.0,Downtown,1996,2,708577.38
H10270,2864.8,5,2.0,Rural,2005,1,345435.57
H10271,1138.5,4,1.0,Uptown,1972,2,408503.03
H10272,2697.9,4,2.0,Uptown,1967,2,669980.59
H10273,2006.1,4,1.5,Downtown,1950,1,569211.24
H10274,1411.1,2,1.0,Uptown,1984,1,418291.92
H10275,2277.3,3,2.0,Rural,2013,2,306646.11
H10276,2119.4,4,2.0,Suburbs,2007,0,471567.38
H10277,1639.9,3,1.5,Rural,2008,2,256469.29
H10278,,4,1.5,Downtown,1950,2,622599.4
H10279,1768.8,3,1.5,Downtown,1952,0,502735.69
H10280,2068.1,3,1.0,Suburbs,2016,0,428110.7
H10281,2397.3,4,1.5,Suburbs,1986,2,489040.28
H10282,2951.6,4,1.0,Suburbs,1978,1,525808.7
H10283,1257.3,3,1.5,Downtown,1982,1,494789.19
H10284,3279.8,6,1.5,Rural,2010,0,383802.07
H10285,828.7,1,1.5,Downtown,1953,2,363334.67
H10286,1908.9,3,1.5,Downtown,1963,0,583704.24
H10287,2353.0,4,1.5,Downtown,1982,1,700733.0
H10288,2168.6,4,1.5,Suburbs,1971,2,387681.58
H10289,1626.4,4,1.0,Rural,1997,1,249051.87
H10290,,2,2.0,Uptown,1952,1,458614.11
H10291,1704.2,3,1.0,Uptown,1972,3,478732.85
H10292,1646.4,3,1.5,Downtown,2017,2,614371.93
H10293,2509.8,5,2.0,Suburbs,1970,2,503471.71
H10294,,4,1.0,Suburbs,1992,1,458889.16
H10295,1584.3,3,1.0,Suburbs,1975,2,330718.97
H10296,2539.8,4,2.5,Downtown,1990,0,740990.98
H10297,,4,1.0,Uptown,1987,0,563010.61
H10298,2487.7,6,1.5,Suburbs,1960,1,499870.23
H10299,2377.8,4,2.0,Uptown,1978,1,627556.38
H10300,1502.6,5,1.5,Suburbs,2009,2,406506.82
H10301,,3,1.0,Downtown,2016,1,574326.46
H10302,2448.4,4,2.0,Suburbs,2014,2,524205.62
H10303,2366.2,3,1.5,Downtown,2010,2,743018.08
H10304,1987.5,2,2.0,Rural,1968,2,262579.21
H10305,2070.4,3,2.0,Suburbs,1995,1,409736.01
H10306,2766.6,5,2.0,Downtown,1998,2,850176.88
H10307,1645.1,4,1.5,Rural,1971,1,202253.94
H10308,2328.3,3,2.5,Suburbs,2006,0,455607.37
H10309,1878.7,4,1.5,Downtown,1963,3,636167.54
H10310,1869.4,3,1.0,Suburbs,1993,0,390496.32
H10311,2659.3,5,2.0,Suburbs,1965,0,505853.44
H10312,2495.2,6,2.5,Uptown,1961,2,695574.36
H10313,2488.1,5,1.5,Uptown,2004,1,668248.72
H10314,2783.3,5,2.0,Rural,2000,2,337307.12
H10315,2012.6,3,1.5,Suburbs,1988,1,449298.24
H10316,2409.2,3,1.5,Suburbs,1982,1,454402.05
H10317,1813.8,3,1.0,Uptown,1982,1,500686.01
H10318,2194.5,4,2.0,Downtown,1978,1,680105.69
H10319,1921.9,3,2.5,Suburbs,2018,1,427905.82
H10320,2058.2,4,1.5,Suburbs,2019,2,449314.27
H10321,2357.1,4,1.5,Downtown,1980,2,706592.2
H10322,1509.1,3,1.0,Suburbs,1980,3,377929.63
H10323,3255.4,5,2.5,Rural,1995,0,378215.51
H10324,1396.4,3,1.5,Rural,2001,2,234251.21
H10325,1271.5,3,1.0,Downtown,1959,2,436061.94
H10326,,4,2.0,Downtown,2023,3,897814.06
H10327,2475.0,6,1.5,Suburbs,1990,0,492526.31
H10328,2374.5,4,1.0,Rural,1952,2,267754.34
H10329,2377.0,4,2.0,Downtown,2008,2,775706.03
H10330,1992.7,4,2.0,Uptown,2001,1,585145.59
H10331,1461.6,3,1.0,Downtown,1983,2,541175.41
H10332,2045.5,5,2.0,Suburbs,1998,0,447881.27
H10333,1593.7,3,1.5,Suburbs,1977,2,347000.28
H10334,2585.1,4,2.5,Uptown,1962,3,673971.14
H10335,1911.8,4,1.0,Downtown,2018,2,671120.4
H10336,1504.7,2,1.0,Suburbs,2016,1,409224.95
H10337,1807.2,4,1.5,Downtown,2010,0,635437.94
H10338,2247.8,4,2.0,Uptown,2009,3,663010.28
H10339,1661.8,3,2.0,Rural,2020,1,234005.43
H10340,1506.7,3,1.5,Downtown,1973,0,464995.87
H10341,2146.2,3,1.5,Rural,2012,2,265749.0
H10342,2147.0,4,1.0,Suburbs,2010,1,461361.72
H10343,1695.8,3,2.0,Downtown,1972,0,562160.07
H10344,1717.4,3,1.0,Suburbs,1979,1,378910.58
H10345,2139.2,3,2.0,Downtown,2009,0,679497.82
H10346,1131.1,3,1.0,Uptown,1967,2,374411.79
H10347,1155.5,2,1.5,Uptown,2005,2,429993.58
H10348,1568.9,4,1.5,Downtown,2002,2,598628.45
H10349,1871.9,4,1.5,Suburbs,1956,2,420407.27
H10350,2186.5,4,1.5,Uptown,2018,2,639863.1
H10351,2885.2,6,2.0,Rural,2021,2,371440.32
H10352,2514.6,4,2.0,Suburbs,2001,0,469514.16
H10353,1904.0,4,1.5,Rural,1953,2,234359.13
H10354,1988.6,5,1.0,Suburbs,1983,1,441178.1
H10355,1398.5,2,1.0,Suburbs,2018,2,343802.05
H10356,1988.9,5,1.5,Uptown,1982,2,573306.37
H10357,1826.8,3,1.0,Suburbs,2018,1,426107.24
H10358,2193.6,4,2.0,Suburbs,1987,3,464085.88
H10359,1503.7,3,1.0,Suburbs,1975,0,336306.39
H10360,2311.6,4,1.0,Uptown,1950,2,552828.68
H10361,2919.6,6,1.5,Uptown,1953,0,674535.84
H10362,1934.7,4,1.0,Suburbs,1988,3,419311.09
H10363,,3,1.0,Suburbs,2003,0,442593.94
H10364,2414.1,6,1.5,Suburbs,1982,0,528588.45
H10365,1759.3,2,2.0,Suburbs,1982,1,386834.58
H10366,2134.5,5,1.5,Downtown,2021,1,728237.71
H10367,2007.6,5,1.5,Uptown,1969,1,572012.96
H10368,2058.6,3,1.5,Suburbs,1965,2,406282.49
H10369,1536.2,3,1.0,Suburbs,1970,1,351960.57
H10370,2014.7,3,1.5,Downtown,1994,0,628247.24
H10371,2298.8,4,1.0,Downtown,2011,1,674136.69
H10372,2870.7,5,2.5,Rural,1980,2,329028.21
H10373,2575.6,5,2.5,Suburbs,1991,2,563233.28
H10374,3291.9,6,1.5,Downtown,1961,2,902318.56
H10375,1539.6,4,1.0,Suburbs,2014,2,387394.64
H10376,2523.4,4,1.5,Suburbs,2022,1,517303.24
H10377,2110.0,4,1.0,Downtown,1952,0,549207.39
H10378,3313.9,5,2.5,Suburbs,1958,1,591340.21
H10379,1515.0,2,1.0,Suburbs,2000,2,388962.87
H10380,1496.2,4,2.0,Suburbs,1965,3,392614.03
H10381,1640.4,5,1.5,Suburbs,1952,1,398699.98
H10382,725.7,1,1.0,Suburbs,1973,0,208315.46
H10383,1684.5,3,1.5,Rural,2022,0,254899.57
H10384,1544.5,3,1.5,Suburbs,1962,1,363953.63
H10385,2090.2,4,1.5,Suburbs,1951,2,421487.3
H10386,2205.1,4,1.5,Downtown,2020,0,709101.24
H10387,3125.7,6,2.0,Suburbs,1970,3,626574.16
H10388,2570.3,4,2.0,Uptown,1968,1,656767.27
H10389,1653.9,3,1.5,Downtown,1996,3,600994.94
H10390,1461.0,3,1.0,Uptown,1971,2,425084.85
H10391,2295.2,4,1.5,Downtown,1982,2,709210.11
H10392,1207.9,2,1.0,Suburbs,1981,2,312415.69
H10393,3098.9,6,2.0,Uptown,2013,2,842495.91
H10394,2707.7,5,2.5,Suburbs,1988,2,540557.17
H10395,1718.5,3,1.0,Suburbs,2021,2,444893.44
H10396,972.1,2,1.0,Downtown,1991,2,412864.0
H10397,2812.3,6,2.5,Uptown,1958,3,738946.48
H10398,1931.3,4,2.5,Downtown,1974,2,646089.88
H10399,2742.7,5,2.0,Rural,1951,2,351948.6
H10400,1043.3,3,1.0,Downtown,1968,2,426932.87
H10401,1640.4,3,1.5,Rural,1969,1,198942.37
H10402,2003.1,5,1.5,Suburbs,2019,0,477336.4
H10403,2028.2,4,1.5,Uptown,1966,1,546334.42
H10404,1730.0,3,1.5,Suburbs,2017,2,420779.38
H10405,2373.7,5,1.0,Rural,1952,2,286116.22
H10406,,2,1.5,Downtown,2000,1,490317.61
H10407,1914.6,3,1.5,Downtown,1975,2,598229.24
H10408,2072.2,3,1.5,Suburbs,2005,2,422508.04
H10409,2308.7,4,2.5,Downtown,2013,0,730200.13
H10410,2427.0,6,1.5,Downtown,1957,2,765468.87
H10411,1325.2,4,1.0,Rural,1986,2,234036.89
H10412,1079.5,3,1.5,Rural,1976,0,169313.1
H10413,2766.6,6,1.5,Suburbs,1994,2,594936.7
H10414,2199.4,3,1.5,Rural,1953,2,247154.85
H10415,1550.9,3,1.0,Suburbs,1986,0,333457.81
H10416,2930.7,5,2.5,Suburbs,2020,0,597530.6
H10417,2069.4,3,1.5,Uptown,1982,3,571853.32
H10418,2707.6,5,1.5,Uptown,1980,1,675254.27
H10419,2040.5,4,1.5,Rural,2004,1,287667.77
H10420,3236.4,4,2.0,Suburbs,1961,0,551625.89
H10421,3053.2,6,2.0,Uptown,1960,2,765187.13
H10422,1850.6,3,1.5,Downtown,2021,2,678582.58
H10423,2582.9,5,2.0,Downtown,1981,2,800752.45
H10424,2387.2,6,1.0,Downtown,2006,0,739146.53
H10425,2821.2,4,2.5,Rural,1987,2,315431.89
H10426,1421.0,1,1.0,Uptown,2009,1,426714.87
H10427,2411.6,4,2.5,Uptown,1968,1,620645.57
H10428,2635.1,6,2.0,Suburbs,2005,1,564517.43
H10429,944.8,4,1.0,Suburbs,1963,1,268129.95
H10430,1290.0,2,1.0,Downtown,1982,2,504961.69
H10431,776.5,2,1.0,Suburbs,1959,3,218221.89
H10432,1838.4,3,1.5,Suburbs,2013,1,390753.51
H10433,,4,1.5,Uptown,2013,2,679247.61
H10434,2901.4,6,3.0,Suburbs,2011,2,627523.37
H10435,2044.5,3,2.0,Downtown,2017,3,729743.25
H10436,2977.2,6,2.5,Downtown,1992,1,910648.72
H10437,1171.9,3,1.0,Downtown,2008,2,525710.61
H10438,978.0,3,1.0,Suburbs,2001,1,272748.08
H10439,1966.7,4,1.5,Rural,1968,2,242449.57
H10440,2230.4,4,1.5,Suburbs,1970,0,434084.13
H10441,1980.4,3,1.0,Uptown,1971,2,528496.73
H10442,759.5,2,1.0,Suburbs,1958,1,244045.91
H10443,1946.5,3,2.0,Suburbs,1958,1,402918.92
H10444,1217.3,3,1.0,Downtown,2022,2,534765.47
H10445,2401.8,4,1.0,Rural,1976,2,267573.32
H10446,2220.0,5,1.5,Uptown,1966,2,591349.25
H10447,1436.1,3,1.0,Downtown,1993,2,522602.44
H10448,1691.7,4,1.0,Suburbs,1994,1,398830.09
H10449,1364.5,3,1.0,Suburbs,1957,2,313591.59
H10450,1962.4,2,1.0,Suburbs,1967,1,344632.36
H10451,2573.1,6,1.5,Rural,1982,0,299923.63
H10452,1408.6,2,1.0,Suburbs,1950,2,306190.94
H10453,2302.4,4,1.5,Suburbs,1955,2,450566.28
H10454,1681.8,3,1.0,Downtown,1990,2,579761.85
H10455,1524.3,4,2.0,Downtown,2004,2,622113.56
H10456,1935.8,2,2.0,Downtown,1954,2,594837.18
H10457,1378.9,5,1.0,Downtown,2008,0,556234.48
H10458,1667.8,4,1.0,Uptown,1967,0,445488.08
H10459,1281.3,3,1.0,Uptown,1998,2,429242.3
H10460,3178.8,6,3.0,Downtown,2014,1,989934.46
H10461,2021.2,4,2.0,Uptown,2003,0,542590.11
H10462,1580.2,4,1.5,Downtown,2010,1,599665.31
H10463,2128.4,5,2.0,Suburbs,1957,2,448318.96
H10464,1932.6,4,1.5,Downtown,1952,1,558401.51
H10465,1867.4,4,1.0,Suburbs,1974,2,388166.2
H10466,2368.5,4,1.5,Suburbs,2018,2,528364.87
H10467,2454.5,4,2.0,Suburbs,2004,1,514001.23
H10468,1681.7,3,1.0,Suburbs,1989,2,381330.74
H10469,1654.5,4,1.0,Rural,1999,2,245519.87
H10470,1835.0,4,1.5,Downtown,1982,2,625683.83
H10471,618.8,1,1.0,Downtown,1967,2,319035.45
H10472,1090.9,3,1.0,Downtown,2006,0,454710.8
H10473,2820.1,5,1.5,Suburbs,1965,2,510541.75
H10474,2987.0,5,2.0,Downtown,1987,1,883108.46
H10475,,3,1.0,Uptown,1990,3,542545.33
H10476,2345.9,5,2.0,Suburbs,1956,2,467673.3
H10477,2186.8,5,1.0,Suburbs,2002,2,464608.99
H10478,3847.3,6,3.0,Suburbs,2012,1,741618.13
H10479,2671.7,5,2.5,Downtown,1981,1,806156.51
H10480,1923.2,3,1.5,Downtown,1987,1,630797.1
H10481,1426.7,2,1.0,Suburbs,1971,1,299012.48
H10482,1036.1,2,1.0,Suburbs,1965,1,238775.15
H10483,2122.1,5,1.5,Downtown,2001,2,740411.02
H10484,1546.2,4,1.0,Downtown,1978,0,529193.35
H10485,1146.6,3,1.0,Rural,1965,3,184688.41
H10486,1612.1,4,2.0,Downtown,1966,0,549315.48
H10487,1351.1,3,1.5,Uptown,2013,3,501401.8
H10488,3012.3,5,1.5,Uptown,1962,3,737324.43
H10489,2529.0,5,1.0,Suburbs,2021,2,560952.93
H10490,1995.2,4,1.5,Downtown,2005,2,697018.73
H10491,2888.0,6,2.0,Downtown,1954,1,811294.85
H10492,2046.4,5,1.5,Uptown,1961,2,586527.11
H10493,1483.2,4,1.0,Suburbs,1990,1,324514.71
H10494,2913.9,6,2.0,Uptown,1952,1,737545.51
H10495,2323.3,5,2.5,Rural,1982,2,280291.53
H10496,1377.7,3,1.5,Uptown,1999,1,447307.37
H10497,1885.8,3,1.5,Downtown,2005,2,644829.66
H10498,1474.6,3,1.0,Downtown,1958,1,465736.02
H10499,1170.3,2,1.0,Uptown,1999,1,406966.11
H10500,2555.7,4,2.5,Downtown,1978,0,726159.63
H10501,3145.6,6,2.0,Downtown,1988,0,897128.5
H10502,1160.9,2,1.0,Uptown,1994,1,375220.89
H10503,2337.8,4,1.5,Suburbs,1966,0,440960.9
H10504,,2,1.0,Rural,2005,0,207920.66
H10505,1707.7,4,1.0,Uptown,1995,2,526499.1
H10506,1644.6,3,1.5,Downtown,2016,0,574272.58
H10507,1481.6,2,1.0,Rural,2018,2,214224.64
H10508,2029.1,4,1.5,Suburbs,1963,1,412802.64
H10509,1501.4,4,1.0,Suburbs,2016,2,414327.32
H10510,2162.3,3,2.0,Suburbs,1972,1,419498.7
H10511,1969.9,3,1.0,Downtown,2010,1,622042.77
H10512,1856.6,3,2.0,Suburbs,1972,2,412997.64
H10513,1455.5,2,1.0,Downtown,1976,1,468495.57
H10514,1653.9,4,1.5,Suburbs,2003,2,427929.94
H10515,2453.2,4,2.0,Suburbs,1959,0,439801.21
H10516,2300.6,4,1.5,Uptown,1965,3,580494.26
H10517,1413.5,1,1.5,Uptown,1990,1,403605.77
H10518,2059.6,4,2.0,Downtown,2004,1,683232.6
H10519,2450.8,4,1.0,Suburbs,2010,2,506918.05
H10520,998.4,2,1.0,Suburbs,1998,1,270250.14
H10521,2326.0,5,1.0,Downtown,2022,2,791298.16
H10522,1602.4,4,1.0,Uptown,2001,1,496556.16
H10523,2342.4,3,2.5,Uptown,1951,2,588665.15
H10524,1542.0,1,1.0,Downtown,1999,0,480932.53
H10525,917.1,2,1.0,Suburbs,1992,2,278972.82
H10526,1023.5,4,1.0,Downtown,1957,2,425363.48
H10527,2028.9,5,2.5,Suburbs,2008,1,496121.13
H10528,2155.8,4,1.0,Downtown,2014,0,667115.2
H10529,1457.4,3,1.0,Rural,1961,1,208724.79
H10530,2383.2,5,2.5,Uptown,1953,3,646424.19
H10531,1003.1,1,1.5,Suburbs,1990,1,247697.32
H10532,1960.4,4,1.5,Suburbs,1956,1,396063.35
H10533,1273.4,3,1.0,Rural,2018,0,188716.39
H10534,1608.9,4,2.0,Suburbs,2018,1,433047.82
H10535,2028.4,6,2.0,Downtown,1979,2,747763.14
H10536,1483.8,3,1.5,Suburbs,2022,3,399251.66
H10537,1769.3,3,1.0,Uptown,1955,2,468191.19
H10538,2603.8,5,2.0,Suburbs,1968,2,493120.5
H10539,1653.9,2,1.0,Uptown,2015,2,510511.5
H10540,2501.4,4,2.0,Rural,1959,0,262216.19
H10541,1322.2,2,1.5,Rural,1965,1,168024.14
H10542,2317.9,4,2.0,Rural,1986,2,276368.24
H10543,2864.9,5,1.5,Downtown,1981,3,859671.68
H10544,600.0,1,1.0,Suburbs,1996,2,242109.57
H10545,1521.9,4,1.5,Uptown,2021,1,527661.38
H10546,2346.2,4,2.0,Uptown,1992,1,618247.55
H10547,1878.2,4,2.0,Suburbs,1985,1,446223.58
H10548,2222.7,4,1.0,Downtown,1975,3,675327.6
H10549,1637.6,3,1.0,Uptown,1959,2,415436.5
H10550,2052.0,5,1.5,Uptown,1980,2,598680.64
H10551,1906.6,3,1.0,Downtown,1978,1,559115.24
H10552,2700.7,4,2.0,Suburbs,1954,2,516909.44
H10553,2152.7,4,2.5,Downtown,1950,1,639760.39
H10554,2202.6,3,1.0,Suburbs,1952,1,402363.09
H10555,1752.9,3,1.5,Downtown,2016,2,659039.79
H10556,1707.4,3,1.5,Suburbs,2020,0,381759.47
H10557,1740.5,4,1.5,Suburbs,1984,0,374366.75
H10558,2236.7,4,1.5,Suburbs,1964,2,445265.49
H10559,1747.4,4,1.0,Uptown,2016,2,581659.12
H10560,2173.9,5,1.5,Uptown,1979,1,584047.19
H10561,3245.2,6,2.0,Downtown,1992,2,944225.73
H10562,2522.7,5,1.0,Downtown,2009,1,785253.58
H10563,1804.4,3,2.0,Rural,1989,2,240057.35
H10564,2720.7,5,2.5,Downtown,2014,2,886518.99
H10565,1755.2,3,1.5,Rural,1978,2,209298.08
H10566,777.1,1,1.0,Uptown,2023,2,391046.49
H10567,1395.1,3,1.5,Suburbs,1968,1,302202.15
H10568,877.5,3,1.0,Rural,1952,1,135755.5
H10569,1789.1,4,1.5,Downtown,1985,1,602049.33
H10570,2011.1,5,1.5,Suburbs,1992,1,479016.45
H10571,3005.9,6,2.5,Suburbs,1964,2,568830.8
H10572,2196.2,4,1.5,Suburbs,1990,1,485294.33
H10573,1868.5,4,1.5,Rural,1985,0,250892.51
H10574,2497.6,4,1.5,Downtown,1982,1,731832.23
H10575,673.3,1,1.0,Suburbs,1954,3,191028.75
H10576,2141.4,5,1.0,Suburbs,1963,1,435531.37
H10577,2462.5,6,1.5,Uptown,2017,2,712600.68
H10578,1112.8,2,1.0,Suburbs,1996,1,310541.71
H10579,2686.3,5,1.5,Suburbs,2003,0,515784.36
H10580,2203.1,4,2.5,Uptown,1953,1,569485.89
H10581,1750.8,4,2.0,Downtown,1958,2,579819.81
H10582,2379.7,3,2.5,Uptown,2002,2,643715.54
H10583,3362.4,4,2.0,Suburbs,2009,2,647609.68
H10584,2109.1,4,1.5,Uptown,1995,1,593154.56
H10585,2148.9,3,1.0,Uptown,2003,0,571768.6
H10586,1724.4,3,1.0,Downtown,2023,3,619690.9
H10587,1490.1,3,1.0,Suburbs,1986,1,357773.77
H10588,2498.2,4,2.5,Rural,1972,2,341052.24
H10589,1486.3,4,1.0,Suburbs,1976,2,351587.35
H10590,2042.9,4,2.0,Rural,2019,1,314118.89
H10591,1713.4,4,1.5,Suburbs,2015,2,430661.24
H10592,2287.4,5,2.5,Downtown,2010,0,743643.68
H10593,2200.2,3,1.0,Suburbs,2000,1,436439.18
H10594,2622.5,6,2.5,Rural,1999,0,347944.79
H10595,1694.0,3,1.5,Suburbs,1968,2,357706.17
H10596,1838.1,4,1.0,Rural,1950,1,208536.32
H10597,1412.7,2,1.5,Rural,1989,2,214420.5
H10598,1733.4,2,1.5,Suburbs,1981,3,385056.79
H10599,2226.4,5,1.5,Downtown,1971,2,709517.8
H10600,2454.2,5,1.5,Uptown,2015,2,703621.58
H10601,1446.7,2,1.0,Suburbs,1989,1,331798.48
H10602,2521.8,4,2.5,Uptown,1987,1,658610.6
H10603,2813.4,6,2.0,Suburbs,1997,1,580081.89
H10604,2248.1,3,2.0,Suburbs,2004,2,468856.72
H10605,3126.1,6,2.0,Uptown,2004,3,857994.59
H10606,1535.7,2,1.0,Suburbs,2000,3,360773.06
H10607,1253.2,3,1.5,Suburbs,2009,2,375317.57
H10608,932.8,2,1.0,Suburbs,1957,2,239428.04
H10609,2897.6,6,2.0,Suburbs,2017,1,609745.18
H10610,2392.6,4,1.5,Suburbs,2021,2,514689.86
H10611,1966.6,4,1.5,Uptown,1958,2,515157.34
H10612,2168.0,4,1.5,Suburbs,1951,1,386986.34
H10613,1324.7,2,1.0,Suburbs,2019,3,348134.93
H10614,3467.5,6,2.5,Uptown,2008,1,874063.75
H10615,2077.5,4,2.0,Suburbs,1968,2,444482.11
H10616,2065.6,4,1.0,Suburbs,1977,2,444032.11
H10617,2435.5,4,1.5,Rural,2021,3,316866.76
H10618,2288.6,2,2.0,Uptown,1963,1,532293.05
H10619,2134.3,4,2.0,Suburbs,1973,2,431478.93
H10620,1525.7,5,1.0,Suburbs,1993,2,402286.79
H10621,2282.9,5,2.0,Downtown,2005,1,779666.5
H10622,3129.2,6,1.5,Suburbs,2000,2,638500.72
H10623,2807.3,5,2.0,Suburbs,1981,2,567519.23
H10624,2955.9,5,3.0,Suburbs,1999,2,622287.59
H10625,1693.3,4,1.0,Suburbs,1990,1,410656.83
H10626,1406.2,2,1.0,Downtown,2015,1,523603.9
H10627,1924.5,5,1.5,Downtown,1974,2,660606.96
H10628,2033.4,4,1.0,Rural,2010,1,262795.56
H10629,2656.5,6,1.5,Suburbs,2015,0,533351.14
H10630,984.5,2,1.0,Suburbs,1991,3,284884.81
H10631,2917.7,5,2.0,Downtown,2014,2,904554.05
H10632,1905.2,4,1.5,Downtown,1985,2,642346.93
H10633,1743.9,4,1.5,Uptown,1958,1,508938.22
H10634,1392.7,3,1.0,Suburbs,1985,1,330347.64
H10635,1007.1,2,1.0,Suburbs,1987,1,287532.97
H10636,2493.9,5,1.5,Downtown,1982,1,740876.26
H10637,2044.0,5,1.5,Uptown,1991,2,600187.42
H10638,1226.0,2,1.0,Downtown,2010,2,476749.11
H10639,1223.0,1,1.0,Downtown,1995,1,421996.57
H10640,1798.5,4,1.0,Suburbs,2010,0,413728.22
H10641,3001.4,6,2.0,Suburbs,1967,1,569282.95
H10642,1844.2,4,1.0,Downtown,2019,0,644608.21
H10643,1098.1,3,1.0,Suburbs,1964,0,263492.52
H10644,1852.6,3,1.0,Uptown,1997,3,541111.64
H10645,1836.4,5,1.0,Uptown,2021,2,630697.53
H10646,600.0,1,1.0,Suburbs,1962,2,191591.45
H10647,,3,1.5,Downtown,1992,1,640081.17
H10648,1861.4,4,1.5,Suburbs,2009,3,452354.58
H10649,2417.7,3,1.5,Rural,2006,2,307720.11
H10650,3109.4,6,2.5,Suburbs,2020,2,671045.07
H10651,2675.9,6,2.0,Uptown,1966,1,690973.87
H10652,1838.7,4,1.5,Downtown,1999,3,633142.78
H10653,1336.1,3,1.0,Suburbs,1981,2,330603.92
H10654,3544.0,5,2.5,Downtown,1971,2,986379.76
H10655,2035.5,3,1.5,Suburbs,2004,0,431175.94
H10656,2008.4,4,1.5,Rural,2006,1,276089.33
H10657,1985.5,4,1.0,Rural,1962,1,209523.94
H10658,2118.9,5,1.5,Suburbs,1996,1,456455.28
H10659,1913.4,4,2.5,Suburbs,2011,2,480776.41
H10660,1655.8,2,1.0,Rural,2003,0,217173.55
H10661,1671.9,3,1.0,Uptown,1978,0,464934.0
H10662,1980.3,4,1.5,Downtown,1971,1,613789.65
H10663,1673.9,4,1.5,Suburbs,2014,0,410960.78
H10664,1572.3,4,1.5,Downtown,1978,1,553258.27
H10665,2063.9,3,1.0,Suburbs,1997,2,418858.84
H10666,1847.0,3,1.5,Suburbs,1954,2,340804.77
H10667,2902.4,4,2.5,Suburbs,1984,0,548752.64
H10668,600.0,1,1.0,Suburbs,2023,1,244609.21
H10669,2654.9,5,2.0,Downtown,2020,1,839110.11
H10670,2747.7,6,2.5,Suburbs,1995,0,540430.54
H10671,756.0,2,1.0,Uptown,1984,2,332776.77
H10672,1794.4,3,1.0,Uptown,1994,2,513835.64
H10673,1777.1,4,1.5,Suburbs,1962,2,397609.38
H10674,1155.5,2,1.0,Rural,1959,2,190956.22
H10675,1533.3,5,1.0,Rural,2015,0,204276.86
H10676,1333.7,1,1.0,Downtown,2019,3,514563.8
H10677,3051.4,6,2.0,Downtown,2021,2,958604.57
H10678,2561.4,6,2.5,Uptown,1974,3,746401.89
H10679,2762.9,5,2.0,Uptown,1993,0,676871.51
H10680,2433.0,4,1.5,Rural,2009,3,345214.15
H10681,1322.6,2,1.0,Rural,1996,2,199262.8
H10682,1685.3,3,1.5,Suburbs,1989,2,388794.53
H10683,2293.6,5,2.0,Suburbs,1956,0,443264.07
H10684,1266.7,1,1.0,Downtown,1995,2,452466.25
H10685,2427.8,6,1.5,Downtown,1972,3,794725.58
H10686,1855.8,2,2.5,Suburbs,1995,2,405668.76
H10687,1775.1,3,1.5,Suburbs,1962,2,379194.11
H10688,2426.6,4,2.0,Suburbs,1970,3,491426.39
H10689,2266.6,5,1.5,Uptown,1950,1,559251.04
H10690,1783.4,2,1.5,Suburbs,1968,2,404800.06
H10691,2695.6,5,2.0,Suburbs,2009,1,565757.51
H10692,1351.4,4,1.5,Downtown,1982,3,564444.14
H10693,2369.6,3,2.0,Suburbs,1953,0,439414.02
H10694,2355.9,5,2.0,Uptown,1952,2,594494.03
H10695,1814.3,3,1.0,Uptown,2001,2,556310.83
H10696,2195.7,5,1.5,Rural,1977,2,244054.59
H10697,1249.3,3,1.0,Suburbs,2019,2,346388.33
H10698,2554.4,4,2.0,Suburbs,2019,3,554644.47
H10699,1889.1,4,1.5,Suburbs,2004,3,465412.9
H10700,1686.4,5,1.5,Suburbs,2006,0,416644.72
H10701,2629.4,5,2.5,Rural,1965,1,308014.98
H10702,1577.4,4,1.0,Uptown,1973,0,444793.47
H10703,1154.9,1,1.0,Rural,2018,1,167484.13
H10704,1066.0,2,1.0,Downtown,1990,2,415425.56
H10705,2363.6,5,2.0,Rural,1996,3,329277.3
H10706,1231.7,4,1.0,Downtown,2018,2,565119.22
H10707,3052.9,6,2.5,Rural,1980,0,375574.52
H10708,750.8,2,1.0,Suburbs,1979,0,207250.83
H10709,3017.9,6,2.0,Suburbs,1967,2,593537.09
H10710,2126.6,3,1.0,Suburbs,1993,2,432937.66
H10711,1942.0,4,1.0,Rural,1976,1,258479.12
H10712,1673.0,4,1.5,Downtown,1975,2,599978.18
H10713,2239.5,4,1.0,Suburbs,2009,3,496905.94
H10714,1977.4,3,2.0,Rural,1967,1,235681.23
H10715,2662.0,5,2.0,Suburbs,2005,2,577851.72
H10716,2068.5,4,3.0,Downtown,1980,1,700040.15
H10717,2090.2,4,2.5,Suburbs,2008,2,482555.12
H10718,1781.8,5,1.0,Suburbs,1951,1,351902.94
H10719,1965.8,4,1.5,Rural,1988,0,244011.96
H10720,2184.7,4,2.0,Uptown,2010,3,683341.45
H10721,973.9,2,1.5,Suburbs,2012,1,318065.18
H10722,1191.1,3,1.0,Rural,1967,2,162673.48
H10723,2446.0,4,1.0,Suburbs,1966,1,433998.65
H10724,2102.5,3,1.5,Downtown,1988,0,642073.73
H10725,1889.6,5,1.5,Suburbs,2020,0,434718.66
H10726,2011.1,5,1.5,Suburbs,2003,1,468966.67
H10727,2208.5,4,2.0,Downtown,1984,2,700297.76
H10728,1676.1,2,1.0,Rural,1960,1,218138.06
H10729,1533.0,4,1.0,Uptown,2010,2,505794.31
H10730,2117.5,3,2.0,Suburbs,1993,2,473251.28
H10731,1413.0,3,1.0,Suburbs,2017,2,378330.04
H10732,2245.0,3,1.0,Uptown,1974,1,550295.38
H10733,978.4,3,1.0,Rural,1997,3,159693.76
H10734,2617.5,4,2.0,Rural,1981,1,271215.82
H10735,2283.6,5,1.5,Suburbs,1953,1,440718.53
H10736,2153.6,4,1.5,Uptown,1987,0,569767.97
H10737,2589.6,4,2.0,Suburbs,2012,1,517875.78
H10738,2999.3,5,2.0,Suburbs,1996,0,554583.76
H10739,,5,1.5,Downtown,1950,2,746474.06
H10740,895.5,2,1.0,Downtown,1952,1,340628.4
H10741,1232.3,3,1.0,Suburbs,2011,1,333804.34
H10742,1625.1,5,1.5,Suburbs,2013,2,448716.09
H10743,2015.7,3,1.5,Downtown,1966,1,574704.8
H10744,2310.6,6,1.0,Uptown,2011,1,658013.86
H10745,1564.6,3,1.0,Downtown,1984,0,529837.83
H10746,2112.1,3,1.0,Suburbs,1962,2,405472.04
H10747,1546.8,2,1.0,Suburbs,1984,0,321507.12
H10748,1633.1,3,2.0,Rural,1992,1,265571.63
H10749,1156.0,3,1.0,Suburbs,1951,2,257730.27
H10750,1446.1,3,1.0,Downtown,2005,2,563237.26
H10751,1189.0,4,1.0,Suburbs,2000,2,371638.5
H10752,1414.5,2,1.5,Uptown,2003,2,458885.39
H10753,2632.2,5,1.5,Rural,1965,0,304411.79
H10754,1430.4,2,1.0,Suburbs,1967,1,285912.99
H10755,3579.4,6,1.5,Suburbs,1956,1,607230.52
H10756,2296.0,5,1.5,Rural,1994,0,290485.83
H10757,2110.9,4,2.5,Downtown,1985,1,702440.8
H10758,1485.0,1,1.0,Suburbs,1990,1,332012.29
H10759,2420.2,5,1.5,Suburbs,1991,2,533966.74
H10760,1654.6,4,1.5,Downtown,1956,2,551819.42
H10761,2073.2,4,1.5,Suburbs,1964,1,432688.88
H10762,3536.1,6,2.0,Suburbs,2009,2,682191.51
H10763,1942.4,3,1.5,Uptown,1989,1,545340.16
H10764,2689.6,6,2.0,Rural,1986,1,333560.94
H10765,1578.1,4,1.0,Suburbs,2015,2,415056.47
H10766,1979.0,2,1.0,Uptown,2004,0,515277.7
H10767,3062.5,6,2.5,Downtown,2005,0,894675.89
H10768,1623.8,3,1.5,Suburbs,1993,1,357996.54
H10769,3087.5,6,2.0,Downtown,2006,3,965282.57
H10770,2424.7,5,2.0,Rural,1955,2,265665.7
H10771,1662.5,3,1.0,Uptown,1981,0,461621.28
H10772,2379.4,4,1.5,Uptown,2023,2,692366.7
H10773,2583.5,5,1.5,Uptown,1967,2,662738.65
H10774,2373.1,4,1.0,Suburbs,2017,2,488953.31
H10775,1057.9,1,1.0,Rural,2022,2,205468.38
H10776,1563.7,4,1.0,Uptown,1956,1,466898.12
H10777,1851.5,3,1.0,Rural,1957,1,215913.35
H10778,1955.3,4,1.0,Suburbs,2013,2,459298.82
H10779,2372.4,5,1.5,Downtown,1956,2,707558.67
H10780,2106.6,3,1.5,Suburbs,1990,2,449750.01
H10781,1198.8,2,1.0,Downtown,1989,2,458489.43
H10782,2228.1,5,1.0,Suburbs,1952,3,449855.78
H10783,2366.4,4,1.0,Suburbs,1966,3,479547.94
H10784,2335.9,4,2.0,Suburbs,2015,2,554489.27
H10785,2648.5,5,1.5,Downtown,2001,2,800723.25
H10786,2500.4,5,2.0,Downtown,1971,3,781506.41
H10787,2275.5,4,1.5,Suburbs,1953,0,398354.06
H10788,1957.9,3,1.5,Rural,1955,1,250049.21
H10789,,3,1.5,Suburbs,1987,1,285594.74
H10790,2257.8,6,2.0,Suburbs,1975,2,478284.5
H10791,2124.6,5,1.5,Uptown,1960,2,586712.37
H10792,2162.9,4,1.5,Suburbs,1966,2,465718.34
H10793,1234.0,2,1.0,Suburbs,1980,0,288028.07
H10794,1351.4,2,1.0,Suburbs,1984,1,311235.9
H10795,2631.9,5,1.5,Downtown,1965,2,770877.62
H10796,1976.3,4,1.5,Rural,1967,0,257713.83
H10797,2408.9,6,2.0,Downtown,2011,1,799989.09
H10798,2017.0,4,1.0,Suburbs,1976,1,408361.22
H10799,2017.9,3,1.0,Downtown,1984,1,597923.31
H10800,2563.0,6,1.0,Downtown,1994,2,785816.67
H10801,1690.4,3,1.0,Uptown,1984,1,468072.58
H10802,2057.7,4,1.0,Downtown,1977,2,658496.86
H10803,,4,1.5,Downtown,1958,0,540573.3
H10804,1739.3,5,1.0,Suburbs,1964,2,401380.93
H10805,1814.5,6,1.5,Downtown,1970,1,631806.54
H10806,2133.3,5,1.5,Downtown,2001,2,736840.3
H10807,1712.8,3,1.0,Uptown,1984,2,480080.27
H10808,2753.5,6,2.0,Uptown,2000,1,739496.13
H10809,1463.2,4,1.5,Rural,2004,2,239033.03
H10810,1887.9,3,1.0,Rural,1993,2,249289.88
H10811,1736.2,5,1.5,Uptown,2014,1,575943.99
H10812,2868.2,5,1.5,Downtown,1974,0,782698.58
H10813,2117.9,4,1.5,Uptown,1996,3,613336.18
H10814,2619.1,5,1.5,Uptown,2005,2,760147.22
H10815,1108.7,3,1.0,Uptown,1987,1,399753.36
H10816,2160.2,5,1.5,Suburbs,1960,1,442424.83
H10817,2533.8,4,1.5,Downtown,2016,2,797582.0
H10818,2049.4,3,1.5,Uptown,1964,2,524833.5
H10819,2639.3,4,1.5,Uptown,1950,2,622966.95
H10820,1689.6,4,1.0,Rural,1956,1,214845.57
H10821,2845.6,6,2.0,Downtown,1950,2,790002.99
H10822,3379.3,6,2.5,Downtown,1998,1,959740.15
H10823,1782.3,5,1.5,Downtown,2022,1,669760.2
H10824,1732.7,3,1.0,Uptown,1978,2,490508.06
H10825,2872.0,6,2.5,Downtown,1975,3,889876.43
H10826,2947.7,5,1.5,Downtown,1994,1,869265.61
H10827,1686.3,3,1.5,Rural,2020,1,223376.5
H10828,,4,2.0,Downtown,1961,2,580849.64
H10829,1830.9,4,1.5,Uptown,1981,2,561926.34
H10830,1193.3,2,1.0,Suburbs,1969,2,288166.35
H10831,1448.8,3,1.0,Uptown,2000,2,484986.82
H10832,1397.5,2,1.5,Suburbs,1985,0,343470.57
H10833,1539.3,3,1.0,Rural,2016,3,230624.08
H10834,1979.2,5,1.0,Rural,1950,2,242411.9
H10835,2140.5,5,1.5,Downtown,1976,2,688708.79
H10836,2930.3,6,2.5,Downtown,1989,2,877635.16
H10837,1401.0,3,1.0,Suburbs,1963,2,315462.56
H10838,2590.6,5,1.5,Uptown,2018,0,707248.51
H10839,1871.6,3,1.0,Rural,1955,1,222064.53
H10840,1970.3,4,1.0,Suburbs,1982,2,431724.86
H10841,2404.9,5,1.5,Suburbs,2004,1,503954.37
H10842,1326.4,3,1.5,Downtown,1968,0,443404.56
H10843,2229.4,4,1.0,Uptown,1978,2,603432.39
H10844,2099.9,2,2.0,Rural,2010,2,266130.98
H10845,2295.5,5,2.0,Suburbs,2019,0,513867.72
H10846,2173.5,4,2.0,Suburbs,1973,2,460270.16
H10847,3473.2,6,2.0,Downtown,1972,2,986098.17
H10848,1617.4,4,1.0,Suburbs,1959,2,371653.91
H10849,1681.4,3,1.0,Suburbs,2003,2,374339.34
H10850,1626.1,4,1.0,Downtown,1990,1,547887.53
H10851,1666.7,4,1.5,Suburbs,1998,0,396689.29
H10852,1617.6,4,1.5,Suburbs,1966,1,361143.06
H10853,2713.4,4,1.5,Suburbs,2005,2,537781.61
H10854,2852.3,6,2.0,Suburbs,1994,2,605510.72
H10855,1657.6,3,1.0,Downtown,1979,2,553171.29
H10856,1500.6,3,1.0,Uptown,1993,2,471478.38
H10857,2282.8,4,2.0,Uptown,2023,2,688921.93
H10858,1668.7,2,1.0,Suburbs,2004,2,372613.31
H10859,,5,1.5,Downtown,1968,0,711384.42
H10860,2121.8,3,1.5,Uptown,1978,0,518072.88
H10861,1090.6,1,1.0,Rural,1951,2,154373.79
H10862,2928.5,4,2.0,Downtown,1985,0,826138.05
H10863,3077.5,6,2.0,Suburbs,1968,1,558643.76
H10864,1632.3,3,1.0,Downtown,1956,2,506168.79
H10865,1767.4,5,1.0,Suburbs,1975,1,411218.6
H10866,2171.5,4,1.5,Downtown,1987,2,709732.13
H10867,,3,2.0,Suburbs,1952,1,410508.45
H10868,2395.1,4,2.0,Uptown,2015,0,642119.68
H10869,3206.1,6,2.5,Suburbs,2020,1,671073.76
H10870,1893.8,4,1.0,Suburbs,1992,2,441013.04
H10871,1521.0,3,1.0,Suburbs,2011,1,353052.65
H10872,1172.4,3,1.0,Suburbs,2020,2,331630.31
H10873,1561.4,4,1.0,Downtown,1973,2,549938.41
H10874,1980.1,5,1.0,Downtown,1988,3,694362.7
H10875,3076.7,6,2.5,Rural,2017,1,378438.86
H10876,1689.4,3,1.5,Downtown,1993,1,584287.39
H10877,2134.3,3,1.5,Uptown,1954,2,521194.5
H10878,1990.1,3,1.0,Rural,2004,3,234570.13
H10879,2713.0,5,2.0,Suburbs,1979,3,549205.8
H10880,3516.2,6,2.5,Suburbs,1978,1,652887.62
H10881,1681.5,3,1.5,Suburbs,1975,2,371639.85
H10882,1706.3,4,1.0,Rural,1975,1,205677.17
H10883,2626.5,5,1.5,Rural,1986,0,276473.02
H10884,2409.1,5,1.5,Uptown,2002,0,637213.71
H10885,3108.0,5,2.5,Downtown,1979,1,896909.23
H10886,2350.4,4,1.0,Uptown,1952,1,572698.64
H10887,1784.4,3,1.5,Suburbs,1992,0,398946.67
H10888,2354.4,5,1.5,Suburbs,1956,2,455288.5
H10889,2665.2,6,2.0,Downtown,1998,1,822434.39
H10890,2492.3,3,2.0,Downtown,2022,2,802561.59
H10891,2304.4,4,2.0,Uptown,1990,1,631607.35
H10892,2640.0,4,1.5,Suburbs,2003,0,515803.12
H10893,2701.6,4,1.0,Suburbs,2018,1,503978.33
H10894,2829.3,5,2.0,Suburbs,1976,1,529512.18
H10895,2389.2,3,2.0,Rural,1957,2,271178.94
H10896,1899.7,3,2.0,Uptown,1981,0,519466.02
H10897,2088.0,3,2.0,Suburbs,2013,2,484073.0
H10898,2723.9,5,2.0,Downtown,1959,0,753466.77
H10899,1509.8,3,1.5,Suburbs,1962,2,347142.39
H10900,2221.2,4,1.5,Rural,2012,2,296799.67
H10901,1764.0,4,1.5,Suburbs,1984,0,395963.9
H10902,2017.2,3,2.0,Suburbs,2010,1,453762.61
H10903,2767.1,5,1.5,Suburbs,2003,0,541034.6
H10904,,5,2.0,Suburbs,1957,2,445733.6
H10905,2027.9,5,1.5,Uptown,1978,1,571065.83
H10906,1184.1,1,1.5,Suburbs,1990,2,308359.23
H10907,2447.8,5,1.0,Downtown,1979,2,741607.52
H10908,2387.3,5,2.0,Downtown,1970,3,766924.69
H10909,3298.0,5,2.0,Suburbs,1960,2,614895.17
H10910,1815.3,4,1.0,Rural,1951,2,227681.44
H10911,2131.5,5,1.5,Suburbs,1999,1,462043.85
H10912,2149.6,3,2.0,Rural,1990,3,294627.48
H10913,2946.5,5,1.5,Uptown,2015,2,756356.65
H10914,1942.8,5,1.0,Downtown,1952,1,571986.88
H10915,2167.4,4,1.5,Downtown,2000,2,716172.03
H10916,2364.7,5,1.5,Downtown,2017,1,784398.77
H10917,2112.0,4,1.5,Uptown,1974,2,555190.85
H10918,1732.1,4,1.5,Downtown,1979,2,595542.91
H10919,2116.5,3,1.5,Suburbs,1960,0,379883.22
H10920,2644.2,6,2.5,Suburbs,1966,2,540001.34
H10921,1384.1,4,1.0,Uptown,1975,1,447172.13
H10922,2079.8,4,1.5,Downtown,1972,1,645958.31
H10923,1579.9,3,1.0,Suburbs,2005,1,371304.47
H10924,2717.0,4,2.0,Suburbs,2001,2,542853.93
H10925,1086.1,3,1.0,Suburbs,1997,1,284085.8
H10926,1664.6,4,1.5,Uptown,1969,0,487687.69
H10927,2226.3,4,2.0,Downtown,1951,2,672120.59
H10928,2939.3,6,1.5,Uptown,1980,0,707933.01
H10929,1960.5,4,1.5,Uptown,1976,0,532439.77
H10930,1666.9,4,1.5,Suburbs,1951,1,351972.28
H10931,3128.7,5,3.0,Uptown,1953,1,743769.66
H10932,1131.2,2,1.5,Suburbs,1962,1,276271.17
H10933,680.7,1,1.0,Downtown,1984,0,289906.48
H10934,2264.0,4,1.5,Uptown,2021,3,669129.0
H10935,1698.8,3,1.5,Suburbs,2015,2,419674.01
H10936,1387.3,3,1.5,Suburbs,1955,1,300979.47
H10937,2425.0,5,1.0,Suburbs,1980,1,488037.94
H10938,2146.3,4,1.5,Rural,1959,1,279168.19
H10939,1661.6,2,1.0,Suburbs,1970,2,332071.87
H10940,1231.8,4,1.0,Downtown,2023,0,501250.25
H10941,2523.5,6,2.5,Suburbs,1972,0,484790.83
H10942,2390.1,3,1.5,Uptown,1952,2,566901.81
H10943,1940.5,4,1.0,Uptown,1981,1,517669.67
H10944,3108.0,5,2.0,Suburbs,1969,1,572075.77
H10945,1357.9,3,1.5,Rural,2023,2,232961.3
H10946,1084.7,3,1.0,Suburbs,1978,2,273113.93
H10947,1584.9,3,1.5,Suburbs,2001,1,350959.36
H10948,1972.6,3,1.5,Rural,1995,2,262869.68
H10949,2146.0,4,1.0,Rural,1983,0,254343.7
H10950,1855.3,3,1.5,Uptown,2010,2,554733.04
H10951,2211.2,4,1.0,Rural,2021,1,262151.64
H10952,1249.1,3,2.0,Downtown,2020,2,575404.61
H10953,2866.3,5,2.0,Rural,2019,3,387449.12
H10954,1950.7,4,1.0,Suburbs,1960,3,414254.85
H10955,2670.4,6,1.5,Downtown,2012,3,869955.84
H10956,2205.6,4,1.5,Downtown,1970,2,673682.62
H10957,2274.1,4,1.5,Suburbs,1952,1,406394.52
H10958,2341.9,5,2.0,Suburbs,1959,1,482892.65
H10959,2268.6,5,1.5,Suburbs,1976,2,478462.68
H10960,2385.6,5,1.5,Downtown,1961,2,687891.7
H10961,2797.5,6,2.5,Suburbs,1956,1,539188.87
H10962,2117.9,4,1.5,Suburbs,1966,3,453099.05
H10963,2425.4,4,2.0,Suburbs,2014,2,524052.56
H10964,1946.2,4,1.0,Suburbs,2013,3,458400.59
H10965,2864.1,6,2.0,Uptown,1975,2,726128.94
H10966,1594.2,3,1.5,Rural,1964,1,213877.97
H10967,3080.6,6,1.5,Uptown,1982,0,733440.99
H10968,1975.9,4,2.0,Suburbs,2011,0,415761.95
H10969,1141.5,2,1.5,Uptown,1996,1,390910.59
H10970,2076.9,5,1.5,Downtown,1984,2,708052.52
H10971,1591.4,5,1.0,Downtown,2014,2,630142.48
H10972,2504.4,4,2.0,Suburbs,2021,2,571596.11
H10973,1608.4,2,1.0,Uptown,1974,2,449748.91
H10974,1732.3,4,1.5,Downtown,2006,0,610893.56
H10975,866.3,3,1.0,Downtown,1981,0,373003.63
H10976,1728.6,3,1.5,Downtown,2012,0,590626.62
H10977,600.0,3,1.0,Rural,1961,1,122048.65
H10978,1049.7,1,1.0,Suburbs,2012,2,292424.96
H10979,2456.2,5,1.5,Suburbs,1950,0,457712.86
H10980,2471.5,4,2.5,Suburbs,2000,1,504540.14
H10981,2255.3,6,2.5,Suburbs,2019,0,513494.54
H10982,1419.8,4,2.5,Uptown,1957,2,452943.11
H10983,1971.4,3,1.0,Downtown,2017,1,676531.99
H10984,1997.8,3,1.5,Rural,1954,1,236399.51
H10985,1305.0,3,1.0,Suburbs,1988,1,326165.13
H10986,2902.0,5,2.0,Uptown,1972,3,726755.36
H10987,2526.4,5,1.5,Downtown,2017,1,815105.26
H10988,1867.4,4,2.0,Suburbs,2001,2,447342.01
H10989,2016.1,2,1.0,Suburbs,1953,2,372148.31
H10990,2125.0,4,1.0,Suburbs,1996,2,440354.26
H10991,775.0,1,1.0,Downtown,1970,3,353396.67
H10992,1851.7,3,1.0,Uptown,2005,1,519106.69
H10993,1590.8,4,1.5,Downtown,2015,1,600361.53
H10994,1399.0,2,1.0,Uptown,2008,0,434659.96
H10995,1831.3,4,1.5,Uptown,1956,2,483623.4
H10996,3078.6,5,1.5,Suburbs,1998,1,592905.07
H10997,2384.5,4,1.5,Uptown,1965,0,583750.18
H10998,1657.3,4,2.0,Uptown,1966,2,492342.99
H10999,2343.5,5,2.0,Suburbs,1983,2,490921.03
H11000,2839.6,6,1.5,Uptown,1982,0,702234.28
H11001,2554.8,6,2.0,Suburbs,1975,2,539804.17
H11002,2035.8,4,1.5,Suburbs,2015,2,471000.56
H11003,1611.8,3,1.5,Uptown,2012,0,501050.15
H11004,2418.9,4,1.0,Suburbs,1990,1,498716.77
H11005,2236.1,4,2.0,Suburbs,2007,2,491715.2
H11006,2537.1,6,1.0,Suburbs,1959,2,471726.21
H11007,2381.1,5,1.5,Uptown,1964,1,619140.93
H11008,2629.7,4,1.5,Rural,1991,1,330390.4
H11009,1678.9,2,1.5,Suburbs,2006,2,397354.59
H11010,2790.4,6,2.0,Uptown,1966,3,720591.85
H11011,2118.6,4,1.0,Rural,2009,2,278477.92
H11012,3245.2,6,2.0,Downtown,1958,0,849350.32
H11013,1586.5,3,1.5,Downtown,1985,1,553210.55
H11014,3041.6,5,2.0,Uptown,2022,2,793516.86
H11015,2118.7,4,1.5,Uptown,1985,0,553522.52
H11016,1609.1,3,1.0,Rural,1997,3,219593.67
H11017,1709.7,2,1.5,Suburbs,2000,3,403062.59
H11018,1807.8,3,1.0,Downtown,2019,0,595907.37
H11019,2254.5,4,1.5,Suburbs,2023,3,522191.38
H11020,2313.7,4,2.5,Downtown,2017,1,775301.49
H11021,1655.8,6,1.0,Suburbs,1971,2,388893.71
H11022,1985.4,4,1.0,Uptown,1955,1,510223.57
H11023,3285.4,6,2.5,Downtown,1975,1,931133.71
H11024,3036.5,6,2.0,Uptown,1952,2,726670.11
H11025,2261.8,5,1.5,Suburbs,2001,2,535029.2
H11026,2022.8,4,1.0,Suburbs,2023,0,452882.7
H11027,2072.0,4,1.5,Downtown,2009,2,705164.47
H11028,2368.1,6,2.5,Suburbs,2012,0,557401.36
H11029,1386.3,2,1.5,Downtown,2014,1,556165.64
H11030,1845.6,4,1.5,Rural,2001,1,252501.09
H11031,998.8,1,1.0,Uptown,1963,1,304031.49
H11032,2239.5,5,1.0,Suburbs,2021,1,481924.02
H11033,2388.3,4,1.0,Downtown,2017,0,723189.27
H11034,1710.1,3,1.0,Rural,1977,0,205340.41
H11035,2944.4,5,2.5,Suburbs,2020,0,601099.45
H11036,1264.5,3,1.0,Downtown,1959,1,436608.72
H11037,1121.4,3,1.0,Suburbs,2006,3,349962.44
H11038,2134.7,3,1.5,Rural,2015,0,271260.96
H11039,2628.3,5,1.5,Downtown,1999,3,814925.48
H11040,3010.4,5,2.0,Downtown,1963,2,830787.18
H11041,1724.7,2,1.5,Rural,1965,2,205380.09
H11042,2647.2,5,1.0,Downtown,2003,2,805263.92
H11043,1976.9,4,1.5,Downtown,1992,2,680602.7
H11044,1896.4,6,2.0,Suburbs,1991,0,431126.75
H11045,2530.2,5,1.5,Rural,1971,2,296812.88
H11046,2391.4,3,2.0,Suburbs,2017,2,527262.39
H11047,1054.2,2,2.0,Rural,1968,2,168601.7
H11048,2885.9,6,2.0,Uptown,2015,2,806810.41
H11049,2828.1,6,2.0,Downtown,1988,0,833956.74
H11050,1624.7,2,1.0,Rural,2022,2,238427.44
H11051,2237.5,3,1.5,Suburbs,1968,2,432070.77
H11052,2296.4,6,2.0,Suburbs,1965,1,492576.16
H11053,2156.4,4,1.5,Suburbs,2003,1,440592.67
H11054,1669.8,3,1.0,Suburbs,1974,2,357928.35
H11055,1597.0,4,1.5,Downtown,1967,2,563413.27
H11056,1984.7,2,2.0,Downtown,1972,1,596245.59
H11057,2703.6,5,2.0,Suburbs,1960,2,545830.78
H11058,2326.2,5,2.0,Uptown,1988,1,636515.6
H11059,1777.6,4,1.0,Suburbs,2017,0,432507.99
H11060,2463.0,4,2.0,Rural,1974,0,271852.03
H11061,600.0,2,1.0,Suburbs,2012,0,253929.7
H11062,2689.3,4,1.5,Suburbs,1979,1,515973.14
H11063,956.2,2,1.0,Downtown,1994,1,392409.03
H11064,1782.5,3,1.0,Downtown,2010,2,623961.97
H11065,1328.2,2,1.0,Suburbs,2000,2,332615.23
H11066,1223.2,2,1.0,Uptown,1958,0,340601.58
H11067,2696.5,6,2.0,Rural,1951,1,306598.64
H11068,1719.4,4,1.0,Rural,1954,1,206786.61
H11069,2207.9,4,2.0,Downtown,2011,2,770458.84
H11070,1971.8,4,1.5,Rural,2018,0,265292.22
H11071,2286.2,3,1.5,Suburbs,2001,0,462743.27
H11072,2046.1,4,1.0,Downtown,1954,3,619916.49
H11073,1230.2,3,1.0,Rural,2008,2,231774.68
H11074,2597.8,6,1.5,Suburbs,2017,0,538556.19
H11075,1703.7,2,1.5,Downtown,1958,1,492462.14
H11076,1066.1,3,1.0,Suburbs,1971,1,298793.86
H11077,1743.1,4,1.0,Suburbs,1976,2,382501.51
H11078,2900.5,6,2.0,Uptown,1959,2,753387.23
H11079,2510.1,6,1.5,Suburbs,2010,0,544593.57
H11080,1790.8,4,1.5,Rural,2000,2,255018.48
H11081,,4,1.0,Downtown,1959,1,521580.77
H11082,1807.0,3,2.0,Suburbs,1955,1,368552.5
H11083,3246.0,6,1.5,Suburbs,2011,1,634050.31
H11084,2229.2,5,2.0,Suburbs,1954,1,466007.62
H11085,2258.0,4,1.5,Suburbs,2019,1,515789.71
H11086,,4,2.0,Uptown,2012,1,689359.72
H11087,2143.3,4,1.5,Rural,2005,1,290533.42
H11088,1844.6,3,2.0,Rural,2008,0,260090.41
H11089,1882.2,4,1.0,Uptown,2012,2,590522.84
H11090,1957.0,5,1.0,Rural,2008,0,270187.17
H11091,1977.7,3,2.0,Suburbs,2000,0,393182.53
H11092,2436.6,5,1.5,Uptown,1999,2,674174.79
H11093,2031.2,4,1.5,Suburbs,1953,2,393404.49
H11094,2439.6,5,2.0,Suburbs,1997,2,525711.0
H11095,1951.6,2,1.0,Suburbs,1981,1,391888.47
H11096,2047.2,3,1.5,Suburbs,2000,1,437239.0
H11097,801.1,2,1.0,Suburbs,2001,2,288350.91
H11098,2549.8,6,1.5,Rural,2023,2,348911.66
H11099,2207.9,4,1.5,Suburbs,1983,1,430472.28
H11100,2598.8,3,1.0,Downtown,1985,3,708972.39
H11101,600.0,2,1.0,Suburbs,2019,0,243232.13
H11102,3253.0,5,3.0,Downtown,1992,3,976835.57
H11103,1916.2,3,2.0,Downtown,1965,2,591270.13
H11104,2664.9,4,2.0,Downtown,2008,2,802174.34
H11105,1376.1,3,1.0,Suburbs,2002,3,357105.63
H11106,2367.7,4,1.5,Suburbs,1968,2,463202.35
H11107,1368.0,1,1.5,Uptown,1990,0,398888.47
H11108,1625.7,4,1.0,Uptown,1996,1,500844.69
H11109,3148.4,6,2.5,Suburbs,2003,0,644931.27
H11110,1885.6,4,2.0,Suburbs,2004,1,426736.81
H11111,2130.5,3,1.0,Suburbs,1968,2,425871.05
H11112,2522.0,5,2.5,Uptown,2011,1,716547.82
H11113,2297.4,4,1.0,Downtown,2008,1,723953.68
H11114,2090.3,4,2.0,Downtown,2014,2,726697.52
H11115,2219.0,5,1.5,Uptown,2017,2,682035.56
H11116,3442.0,6,2.5,Suburbs,1977,0,634474.29
H11117,1965.4,4,1.0,Downtown,1967,1,582085.5
H11118,2120.7,4,1.5,Downtown,1975,0,629038.34
H11119,2630.4,6,1.5,Rural,1968,2,312994.93
H11120,2663.3,6,1.5,Rural,2004,0,333496.4
H11121,2712.2,6,2.0,Uptown,2006,2,743409.39
H11122,2383.2,5,2.0,Suburbs,1955,1,467548.3
H11123,1314.2,4,1.0,Suburbs,1950,0,293633.26
H11124,2980.1,6,2.0,Rural,1957,3,348859.59
H11125,1312.2,2,1.0,Rural,2000,0,204682.0
H11126,2181.6,5,1.0,Downtown,1974,1,675794.97
H11127,1547.4,4,2.0,Uptown,1996,0,496087.57
H11128,1961.5,3,1.0,Downtown,2004,1,627823.4
H11129,,4,2.0,Downtown,2013,2,755441.32
H11130,2192.8,4,1.5,Uptown,1959,1,557428.53
H11131,2253.2,5,1.5,Suburbs,2005,0,452993.42
H11132,2968.2,6,2.5,Rural,1961,1,336989.43
H11133,2272.1,5,2.0,Downtown,1982,2,718215.12
H11134,,5,1.5,Suburbs,2020,2,490594.94
H11135,2578.5,6,1.5,Rural,1966,2,310735.82
H11136,2713.7,5,2.0,Rural,2010,2,341885.01
H11137,1263.4,3,1.0,Downtown,1959,1,444870.32
H11138,2358.4,4,2.0,Suburbs,1980,1,481347.68
H11139,2420.7,5,1.5,Suburbs,2009,0,487554.92
H11140,1821.5,5,1.5,Downtown,2019,1,680799.56
H11141,2825.4,5,2.5,Rural,1966,1,320203.03
H11142,1910.0,3,1.5,Rural,1999,2,230149.61
H11143,2075.3,3,1.5,Downtown,1986,2,640708.11
H11144,1896.2,3,1.0,Downtown,2011,3,656555.14
H11145,2009.3,3,1.0,Downtown,2021,0,638958.27
H11146,1342.2,2,1.0,Rural,1978,2,165607.44
H11147,1136.0,1,1.0,Downtown,1981,2,431749.49
H11148,2956.7,5,2.0,Suburbs,1960,2,552272.82
H11149,1491.8,4,1.0,Suburbs,1955,1,326582.08
H11150,1405.2,2,1.0,Suburbs,1984,1,320629.38
H11151,708.0,3,1.0,Downtown,1982,0,336112.72
H11152,1616.6,4,1.0,Downtown,1967,1,536337.47
H11153,1206.1,3,1.0,Rural,1986,2,186336.4
H11154,2985.2,5,2.5,Rural,1962,0,313686.27
H11155,2605.9,6,1.5,Uptown,2023,1,746620.59
H11156,1587.1,2,1.5,Downtown,2013,2,603554.87
H11157,3351.5,6,2.0,Suburbs,1950,2,617047.82
H11158,2589.1,5,1.5,Suburbs,2012,1,553531.78
H11159,1805.1,4,1.5,Suburbs,1983,2,405802.68
H11160,600.0,1,1.0,Rural,1959,1,82835.7
H11161,3374.6,5,2.5,Suburbs,1956,0,608299.93
H11162,1166.3,3,1.0,Downtown,2005,1,513743.9
H11163,,1,1.0,Rural,1986,2,183060.88
H11164,2613.5,5,1.5,Rural,1978,3,314538.25
H11165,3463.9,5,2.5,Downtown,1961,0,885173.74
H11166,2830.6,6,2.0,Suburbs,1966,2,543682.4
H11167,2338.3,3,1.5,Suburbs,1997,1,439345.47
H11168,2356.9,5,2.0,Suburbs,1975,2,495211.63
H11169,2512.0,5,1.5,Downtown,1961,0,725254.05
H11170,2455.4,4,1.0,Suburbs,1970,1,454517.92
H11171,2168.7,5,1.5,Rural,1991,2,292682.31
H11172,2062.5,4,1.5,Suburbs,2010,2,492136.43
H11173,1962.4,3,1.0,Downtown,2007,1,623178.51
H11174,1547.6,2,1.0,Suburbs,2003,1,381247.52
H11175,1831.6,2,1.5,Suburbs,1983,1,404672.81
H11176,984.2,2,1.0,Rural,1956,1,139697.6
H11177,1941.0,2,1.5,Suburbs,1984,2,392256.53
H11178,1406.8,3,2.0,Downtown,1964,3,541190.73
H11179,1337.8,3,1.0,Downtown,2014,1,522099.48
H11180,2107.9,5,1.5,Uptown,1974,1,559789.76
H11181,2835.2,5,2.0,Suburbs,2008,2,606442.74
H11182,2551.0,4,1.5,Uptown,1955,1,620301.15
H11183,1057.7,3,1.0,Downtown,2001,2,477718.61
H11184,1406.2,3,1.0,Suburbs,1970,1,296803.8
H11185,2564.5,5,2.0,Suburbs,2020,2,548292.63
H11186,1410.5,3,2.0,Rural,1981,2,217164.98
H11187,1865.2,2,1.0,Rural,2002,2,232397.78
H11188,,5,1.5,Downtown,2008,2,769789.23
H11189,1419.0,3,1.0,Suburbs,2018,1,380608.65
H11190,2063.2,3,1.5,Downtown,2011,2,697378.24
H11191,1199.6,2,1.0,Suburbs,1953,2,291622.3
H11192,1639.2,3,1.5,Suburbs,1967,1,335842.18
H11193,2191.9,4,1.0,Rural,2005,0,263666.71
H11194,1044.2,3,1.0,Rural,1973,0,169367.4
H11195,2264.3,5,1.5,Suburbs,2015,1,510435.36
H11196,1988.2,5,2.0,Suburbs,1962,1,450571.78
H11197,2331.5,3,1.0,Rural,2011,2,294175.62
H11198,2134.3,5,1.0,Uptown,2003,0,618080.0
H11199,2818.5,6,2.0,Downtown,1964,2,842427.43
H11200,2075.1,4,1.5,Suburbs,2018,1,484948.68
H11201,1742.4,4,1.0,Suburbs,1952,1,348230.08
H11202,2073.4,6,1.0,Downtown,1986,1,685422.44
H11203,2326.0,5,1.5,Downtown,1986,1,736840.35
H11204,2029.3,4,1.5,Downtown,1952,1,620471.56
H11205,2024.4,5,1.0,Suburbs,2012,1,472861.16
H11206,1578.8,3,1.5,Suburbs,1984,0,347209.02
H11207,1602.3,3,1.0,Downtown,2001,2,594066.73
H11208,1158.4,2,1.0,Downtown,1977,2,402138.95
H11209,3049.7,6,1.5,Uptown,1967,1,713126.87
H11210,1253.7,2,1.0,Rural,1985,2,195889.62
H11211,1584.3,4,1.0,Suburbs,1982,2,376322.45
H11212,1569.0,4,1.5,Suburbs,2013,0,400357.38
H11213,2537.0,4,1.0,Rural,1975,3,298226.85
H11214,1823.0,4,1.5,Downtown,1997,2,653209.62
H11215,2748.6,3,2.0,Downtown,1989,1,761540.1
H11216,1595.9,4,2.0,Suburbs,1966,0,366065.97
H11217,2167.4,5,1.5,Downtown,1989,0,696047.59
H11218,1498.8,3,1.5,Suburbs,1956,0,329163.27
H11219,3287.1,6,1.5,Rural,2006,2,416873.76
H11220,1287.4,4,1.0,Suburbs,1957,1,307154.39
H11221,2185.9,4,2.0,Suburbs,2005,2,495415.76
H11222,2380.3,4,1.5,Rural,1980,2,264931.57
H11223,2248.3,5,2.0,Downtown,2008,2,767219.13
H11224,1888.8,5,1.0,Downtown,2007,2,676092.7
H11225,1922.1,4,1.5,Suburbs,1961,0,397407.7
H11226,2026.3,5,2.0,Suburbs,1997,1,457989.41
H11227,1911.8,5,1.5,Downtown,1980,2,669568.88
H11228,2578.3,4,2.0,Suburbs,2012,0,521374.97
H11229,,6,2.5,Suburbs,2023,0,659500.13
H11230,1665.5,4,1.0,Uptown,1988,2,513152.18
H11231,1178.1,4,1.5,Suburbs,1969,2,318506.84
H11232,1947.0,4,1.0,Suburbs,1997,1,416208.13
H11233,3547.8,6,2.5,Downtown,2020,2,1039036.82
H11234,1517.8,5,1.0,Suburbs,2003,2,400416.12
H11235,2983.5,5,1.5,Downtown,2020,1,885325.09
H11236,3006.6,5,2.5,Rural,1978,0,330536.96
H11237,1667.8,4,1.0,Suburbs,2023,3,445394.74
H11238,2341.4,6,2.0,Suburbs,2022,1,554846.26
H11239,,6,2.0,Uptown,1997,0,763000.84
H11240,1772.5,4,1.0,Suburbs,2023,1,442634.03
H11241,1877.9,4,1.5,Suburbs,2005,2,452975.64
H11242,1651.0,3,1.0,Uptown,1966,1,439028.82
H11243,1391.1,3,1.5,Rural,1958,1,180219.66
H11244,1610.4,1,1.0,Uptown,1983,1,424919.96
H11245,1265.6,2,1.0,Downtown,1994,3,506420.96
H11246,2020.5,4,1.5,Suburbs,1958,0,411421.67
H11247,,2,2.0,Uptown,1956,2,452798.1
H11248,2140.3,4,1.5,Downtown,1965,3,663626.78
H11249,1066.5,2,1.0,Downtown,1968,0,367433.18
H11250,2198.5,6,2.0,Rural,1955,3,300959.29
H11251,2500.1,6,2.0,Downtown,1960,3,805041.09
H11252,803.8,1,1.0,Uptown,2010,2,359170.89
H11253,2224.4,4,1.0,Suburbs,1991,1,448973.91
H11254,2736.6,5,2.0,Suburbs,1962,2,510581.83
H11255,1274.2,2,1.5,Downtown,1961,2,431874.72
H11256,3003.5,6,1.5,Uptown,2023,3,835342.28
H11257,2251.4,4,2.0,Suburbs,1969,0,444302.75
H11258,1577.0,2,1.0,Suburbs,1999,2,345758.96
H11259,1966.5,4,1.0,Uptown,1985,1,537548.56
H11260,2335.0,5,2.0,Uptown,2018,0,676627.76
H11261,2045.6,3,1.5,Rural,1986,1,233815.03
H11262,2323.3,5,2.0,Suburbs,1961,2,495365.39
H11263,1447.6,2,1.0,Suburbs,1989,1,319048.53
H11264,2101.6,4,1.5,Rural,2003,2,300380.58
H11265,1151.8,3,1.0,Suburbs,1951,3,282210.77
H11266,1933.3,4,1.5,Suburbs,1999,1,417592.34
H11267,1457.7,3,1.0,Downtown,1990,2,524005.92
H11268,1558.7,3,1.0,Uptown,1994,1,464027.18
H11269,2741.7,5,2.5,Suburbs,1958,1,518171.51
H11270,2654.8,5,2.0,Uptown,2011,2,735906.61
H11271,2365.5,4,1.5,Suburbs,1996,3,510867.42
H11272,1344.6,3,1.0,Downtown,1954,2,453962.53
H11273,1810.2,2,1.0,Suburbs,1950,2,340226.91
H11274,2727.9,5,1.0,Downtown,1993,0,747376.16
H11275,2085.0,4,1.5,Suburbs,1971,1,429079.09
H11276,3391.6,6,2.0,Suburbs,1987,2,646653.68
H11277,2236.0,4,1.0,Suburbs,1968,0,440473.28
H11278,2115.2,4,1.5,Uptown,1980,1,552482.32
H11279,1814.5,4,1.5,Uptown,2016,2,554942.27
H11280,,5,2.5,Uptown,1991,0,614570.46
H11281,1908.5,3,1.0,Downtown,1975,1,576731.16
H11282,2424.9,4,2.0,Downtown,1962,2,700349.24
H11283,2574.0,4,2.0,Suburbs,2007,2,516936.33
H11284,1528.4,3,1.0,Rural,1967,3,233906.21
H11285,1201.3,2,1.0,Uptown,2016,2,455608.25
H11286,898.3,1,1.0,Uptown,1952,1,231519.33
H11287,2304.8,3,1.5,Suburbs,2004,3,484702.03
H11288,1338.0,2,1.5,Suburbs,2007,2,376520.49
H11289,708.3,2,1.0,Suburbs,2012,1,251850.94
H11290,2233.1,5,2.0,Downtown,2001,0,718607.31
H11291,3495.8,6,2.0,Downtown,1973,2,965502.56
H11292,1996.4,3,1.0,Rural,2021,2,252924.28
H11293,2503.1,4,1.5,Downtown,1958,2,682985.37
H11294,2049.1,4,2.0,Downtown,1986,2,699625.78
H11295,1940.7,3,1.0,Downtown,2002,2,608175.86
H11296,2551.4,5,1.5,Rural,1973,3,315813.18
H11297,1825.8,2,1.5,Suburbs,1970,2,386398.93
H11298,2160.4,4,1.0,Uptown,1989,0,534959.53
H11299,2193.0,4,1.5,Rural,2011,2,279033.32
H11300,1599.1,3,1.0,Suburbs,2019,1,406095.18
H11301,2595.2,6,1.5,Suburbs,2018,2,581420.42
H11302,,4,1.0,Downtown,1963,3,600345.06
H11303,1546.6,2,1.5,Downtown,1991,2,558913.26
H11304,2321.9,4,1.0,Uptown,1999,2,644215.36
H11305,1460.9,2,1.0,Uptown,2010,1,455539.19
H11306,2016.9,4,1.0,Suburbs,1953,1,373526.64
H11307,,3,1.5,Suburbs,2021,1,441141.7
H11308,2651.5,6,2.0,Suburbs,1966,2,542480.28
H11309,2284.8,4,1.5,Downtown,2006,2,738438.49
H11310,1985.0,4,1.5,Downtown,1997,2,687881.45
H11311,2490.7,4,1.0,Downtown,1993,0,684872.15
H11312,2834.1,6,2.0,Suburbs,1994,1,553680.99
H11313,2334.7,4,2.0,Uptown,1982,2,634724.11
H11314,2006.2,5,1.5,Suburbs,1980,1,430372.22
H11315,1212.9,3,1.5,Downtown,1996,2,501415.96
H11316,1360.9,3,1.0,Suburbs,1955,2,280790.97
H11317,1816.9,4,2.0,Rural,2021,2,278107.48
H11318,1634.3,4,1.5,Downtown,2020,1,626381.36
H11319,,2,1.0,Downtown,1983,2,585109.28
H11320,2034.0,4,1.5,Suburbs,2002,0,437112.39
H11321,2317.8,5,1.5,Uptown,1963,3,624790.18
H11322,1957.7,4,2.0,Suburbs,1965,0,417579.1
H11323,2291.9,3,1.0,Uptown,1992,0,541949.54
H11324,2038.7,4,1.0,Rural,2022,2,290431.13
H11325,814.7,3,1.0,Uptown,2023,1,362029.12
H11326,,4,1.0,Suburbs,1961,2,324792.42
H11327,1913.5,4,2.0,Suburbs,2019,2,454435.84
H11328,1274.2,3,1.5,Downtown,1968,2,491582.11
H11329,2360.0,4,1.5,Rural,1990,3,298535.77
H11330,2918.5,4,2.5,Suburbs,2002,1,574011.51
H11331,2731.3,4,1.5,Downtown,1978,2,763025.29
H11332,1871.9,5,1.5,Uptown,2019,0,578726.34
H11333,2894.4,5,2.0,Suburbs,2008,1,570880.3
H11334,2089.2,4,1.5,Suburbs,2013,2,483455.88
H11335,1797.7,3,1.0,Suburbs,1973,1,350863.44
H11336,,5,1.0,Suburbs,1965,2,399781.92
H11337,1818.5,5,1.5,Uptown,2001,2,557555.13
H11338,1767.1,5,1.0,Suburbs,1955,2,373953.47
H11339,2102.2,4,1.5,Suburbs,1986,3,489427.98
H11340,2096.3,4,2.0,Suburbs,1953,0,398034.25
H11341,2001.8,3,1.5,Uptown,1987,2,534361.93
H11342,2262.2,5,2.5,Uptown,1990,2,666883.49
H11343,2714.4,4,2.5,Suburbs,1963,1,503595.65
H11344,2569.7,5,1.5,Suburbs,2020,0,520829.84
H11345,1109.1,1,1.0,Downtown,2000,2,421692.96
H11346,600.0,1,1.0,Rural,2014,1,181325.6
H11347,2560.6,4,1.0,Suburbs,2001,0,484497.76
H11348,1179.9,2,1.0,Uptown,1979,2,354076.64
H11349,1865.1,3,1.0,Downtown,2006,2,650630.98
H11350,1297.9,2,1.0,Downtown,1979,3,490293.86
H11351,918.8,3,1.0,Suburbs,1991,2,278760.41
H11352,2324.9,3,1.5,Rural,1960,2,248794.4
H11353,2455.5,5,1.0,Suburbs,1976,0,475761.26
H11354,1654.1,4,1.5,Rural,1973,1,220390.98
H11355,600.0,1,1.0,Suburbs,1988,0,166110.33
H11356,1672.3,3,1.5,Suburbs,2021,3,459479.0
H11357,2235.1,4,1.5,Downtown,1967,0,631304.98
H11358,1112.7,3,1.0,Uptown,1994,1,418307.45
H11359,2110.0,4,2.0,Downtown,1961,2,676479.4
H11360,1990.8,3,1.5,Rural,1998,1,239323.47
H11361,2347.6,5,1.5,Rural,1980,1,302723.24
H11362,2071.7,3,1.5,Rural,1971,2,241394.23
H11363,1416.2,3,1.5,Suburbs,1993,0,309938.53
H11364,2717.9,5,1.5,Uptown,2013,0,701030.12
H11365,1904.9,3,2.0,Uptown,1974,1,525426.19
H11366,1983.6,3,1.0,Downtown,2000,2,633610.06
H11367,1440.0,2,1.0,Suburbs,1956,2,298198.98
H11368,1734.0,4,1.0,Downtown,1955,1,549779.01
H11369,1469.1,4,1.0,Suburbs,1973,2,354891.61
H11370,1896.2,3,1.0,Downtown,1968,1,546172.35
H11371,3027.0,6,2.0,Downtown,1958,3,891394.97
H11372,1176.9,1,1.0,Suburbs,1985,0,264188.25
H11373,1031.9,2,1.0,Suburbs,1989,2,248999.51
H11374,2882.7,5,2.5,Suburbs,1973,2,574349.56
H11375,1874.4,3,1.5,Downtown,1997,2,637270.47
H11376,1598.6,2,1.0,Suburbs,2012,0,354128.58
H11377,2623.9,4,2.5,Downtown,2018,1,845685.21
H11378,1636.6,3,1.5,Suburbs,2002,2,387309.78
H11379,3095.6,6,2.0,Suburbs,2003,0,609520.2
H11380,2406.8,3,2.0,Suburbs,1991,2,465306.27
H11381,1707.3,2,1.5,Uptown,1994,2,503837.85
H11382,3294.4,6,2.0,Suburbs,1963,2,641622.09
H11383,1636.6,4,1.5,Uptown,1978,0,458782.24
H11384,2445.3,2,1.5,Suburbs,1955,2,421033.83
H11385,2179.6,4,1.5,Suburbs,1956,2,420898.83
H11386,2781.0,5,1.5,Suburbs,1986,2,550675.35
H11387,2936.9,6,1.5,Downtown,2002,0,845697.67
H11388,2019.2,4,1.5,Uptown,1967,0,525414.3
H11389,1547.9,3,1.5,Suburbs,1987,1,372456.51
H11390,2276.0,4,2.0,Suburbs,2008,0,489133.2
H11391,1593.4,1,1.5,Downtown,1950,2,438780.51
H11392,3208.0,6,2.5,Downtown,2017,3,1031873.34
H11393,2081.9,4,1.5,Rural,1993,1,280958.84
H11394,1780.8,4,1.5,Uptown,1996,2,563258.32
H11395,,6,1.0,Downtown,1984,0,676538.11
H11396,1191.7,1,1.0,Suburbs,2009,0,290309.75
H11397,1417.0,4,1.0,Suburbs,2001,0,366529.63
H11398,2720.2,5,2.5,Uptown,1957,1,705411.44
H11399,1605.9,3,1.5,Downtown,1990,3,576259.81
H11400,1371.9,3,1.5,Downtown,1952,0,453605.49
H11401,2322.0,4,2.0,Rural,2018,2,311090.14
H11402,2711.4,5,1.5,Downtown,1963,1,756110.95
H11403,2431.4,5,2.0,Downtown,1975,3,753599.0
H11404,2597.6,4,2.0,Rural,2019,0,314157.42
H11405,1545.9,4,1.5,Suburbs,2007,1,379551.78
H11406,1146.9,2,1.0,Suburbs,1989,0,269671.82
H11407,2900.8,4,2.0,Downtown,2000,1,823671.24
H11408,1806.4,3,1.5,Downtown,1954,1,529916.95
H11409,1849.5,5,1.5,Downtown,1981,2,641818.38
H11410,,5,1.5,Rural,1950,2,310229.31
H11411,2333.7,5,1.5,Suburbs,2003,2,487827.31
H11412,2273.5,4,1.0,Uptown,1960,2,546188.32
H11413,3299.0,6,1.5,Rural,2002,0,376156.82
H11414,1613.9,4,1.5,Suburbs,1957,1,340705.12
H11415,2556.7,6,2.0,Downtown,1974,3,836324.68
H11416,2034.2,4,1.5,Suburbs,1989,2,450483.99
H11417,2161.2,5,1.0,Rural,1981,2,284704.62
H11418,2917.1,5,2.0,Uptown,1977,2,757025.03
H11419,2304.7,5,1.0,Downtown,1952,0,630700.6
H11420,2323.0,4,2.0,Uptown,2011,1,643667.21
H11421,2643.5,6,1.5,Suburbs,1976,0,526296.07
H11422,1781.0,3,2.0,Rural,1994,1,250476.75
H11423,1496.5,3,1.5,Downtown,1974,0,490055.4
H11424,1373.1,3,1.0,Suburbs,2010,1,372645.61
H11425,820.2,2,1.0,Rural,1993,2,156069.73
H11426,3233.7,6,2.5,Suburbs,1995,2,647538.52
H11427,1338.1,3,1.0,Suburbs,1963,2,312887.34
H11428,1867.2,5,1.5,Downtown,1957,3,619085.7
H11429,,4,1.0,Suburbs,1997,0,398233.22
H11430,2184.4,5,1.0,Suburbs,1963,0,441084.68
H11431,2489.4,4,1.0,Rural,2014,2,316714.37
H11432,2516.3,4,2.0,Suburbs,1956,1,470420.04
H11433,1650.2,4,1.0,Suburbs,1998,1,385591.92
H11434,1899.7,4,1.0,Uptown,2004,1,556120.41
H11435,2169.5,5,2.0,Downtown,1962,1,685265.13
H11436,1850.8,3,2.0,Suburbs,2022,2,462232.82
H11437,2964.4,5,2.0,Uptown,2005,1,759069.57
H11438,2294.6,3,1.5,Rural,2005,2,292481.84
H11439,2440.9,4,2.0,Suburbs,1964,2,488110.3
H11440,2397.7,5,1.0,Uptown,2006,1,635837.76
H11441,2704.1,5,2.0,Downtown,2007,1,840258.63
H11442,2108.6,5,1.5,Rural,1984,0,232800.57
H11443,1221.9,2,1.0,Downtown,1965,1,417680.16
H11444,2239.8,4,1.0,Uptown,1957,2,568615.94
H11445,1609.2,2,1.0,Suburbs,1994,2,372315.5
H11446,1682.8,3,1.0,Rural,1989,2,222038.06
H11447,2351.8,2,1.5,Uptown,2003,1,599019.37
H11448,2743.0,5,2.0,Uptown,1963,2,711862.6
H11449,2012.8,3,2.0,Downtown,2008,2,709003.88
H11450,2185.3,5,1.5,Suburbs,2002,1,480798.39
H11451,3021.3,6,2.0,Suburbs,1976,2,594649.27
H11452,2144.5,4,2.0,Uptown,1996,1,621598.16
H11453,3561.0,6,2.5,Downtown,1955,2,946969.75
H11454,2339.3,4,2.0,Rural,2004,2,300383.88
H11455,943.5,3,1.0,Rural,1993,0,182768.61
H11456,2452.0,5,1.5,Suburbs,1967,2,504868.6
H11457,2228.7,4,1.0,Uptown,1965,0,541715.38
H11458,2773.9,6,1.5,Suburbs,1961,0,491274.71
H11459,2403.9,4,2.0,Suburbs,1969,3,492720.4
H11460,1916.9,3,2.0,Suburbs,1994,3,436182.44
H11461,1265.4,2,1.5,Suburbs,2013,0,329816.11
H11462,1874.6,3,1.5,Uptown,2008,1,533795.22
H11463,1489.7,2,1.5,Suburbs,1971,0,294376.68
H11464,1651.7,4,1.0,Suburbs,1996,1,355229.33
H11465,2353.1,4,1.0,Uptown,1978,2,622018.01
H11466,3001.9,6,2.5,Uptown,1994,3,813306.5
H11467,2236.8,4,2.0,Downtown,1958,2,677981.71
H11468,1282.5,1,1.0,Rural,1973,1,164304.28
H11469,2266.8,4,2.0,Suburbs,1964,2,443999.88
H11470,2718.0,4,2.0,Suburbs,1985,1,504271.49
H11471,,3,1.5,Downtown,1962,3,538563.72
H11472,1919.6,3,2.0,Suburbs,1993,2,421503.24
H11473,2008.8,5,1.5,Rural,2020,2,299533.62
H11474,1529.1,4,1.5,Suburbs,2021,1,394551.56
H11475,2389.0,5,2.0,Uptown,1985,1,674476.41
H11476,1927.4,5,1.0,Downtown,2010,0,669844.87
H11477,2251.7,4,2.0,Suburbs,1989,2,495331.73
H11478,1467.5,3,1.0,Rural,1976,1,195665.45
H11479,1737.5,4,1.5,Uptown,1950,1,491368.11
H11480,2433.4,5,1.0,Downtown,1983,1,719747.1
H11481,1776.3,4,1.5,Suburbs,2017,2,443687.09
H11482,3036.2,6,2.0,Downtown,1970,0,849061.71
H11483,1760.2,4,1.5,Suburbs,1982,2,417753.54
H11484,2134.8,3,1.5,Uptown,1956,2,544084.11
H11485,2559.6,4,1.0,Uptown,2014,3,691163.62
H11486,1149.0,2,1.0,Downtown,1952,1,369821.6
H11487,943.5,2,1.0,Rural,2000,1,174731.6
H11488,1084.6,1,1.0,Suburbs,2003,1,290881.29
H11489,2757.6,6,2.0,Suburbs,2023,1,590005.79
H11490,1668.9,4,1.5,Suburbs,2008,0,374458.39
H11491,3534.9,6,2.0,Suburbs,1955,2,630080.61
H11492,1661.5,3,1.0,Suburbs,1978,1,363727.06
H11493,,4,1.5,Suburbs,1966,2,460368.95
H11494,2925.3,5,2.5,Suburbs,2009,0,567062.55
H11495,3203.7,6,3.0,Downtown,1971,2,937759.46
H11496,3236.9,6,2.0,Uptown,1973,2,794215.68
H11497,2725.0,4,2.5,Suburbs,2000,2,581339.45
H11498,2614.4,5,1.0,Downtown,1999,2,797074.63
H11499,2355.5,4,1.0,Uptown,1960,2,567050.62
