timestamp,consumption_kwh,temperature_c,humidity_pct,is_holiday
2024-01-01 00:00:00,103.73,15.2,63.9,0
2024-01-01 01:00:00,147.99,22.0,54.4,0
2024-01-01 02:00:00,106.65,21.9,47.2,0
2024-01-01 03:00:00,90.38,22.2,55.5,1
2024-01-01 04:00:00,184.63,25.8,42.1,0
2024-01-01 05:00:00,206.29,26.7,55.7,0
2024-01-01 06:00:00,141.8,23.1,49.8,0
2024-01-01 07:00:00,277.59,26.1,49.2,0
2024-01-01 08:00:00,222.71,23.3,45.3,0
2024-01-01 09:00:00,211.65,19.5,48.1,0
2024-01-01 10:00:00,230.01,22.1,52.5,0
2024-01-01 11:00:00,111.27,17.5,58.5,0
2024-01-01 12:00:00,118.21,13.2,63.2,0
2024-01-01 13:00:00,133.57,9.3,70.3,0
2024-01-01 14:00:00,127.43,8.1,78.7,1
2024-01-01 15:00:00,152.49,8.3,70.8,0
2024-01-01 16:00:00,197.79,4.8,72.3,0
2024-01-01 17:00:00,244.99,7.5,77.2,0
2024-01-01 18:00:00,310.17,4.4,73.2,0
2024-01-01 19:00:00,298.22,5.5,77.5,0
2024-01-01 20:00:00,281.96,5.8,74.0,0
2024-01-01 21:00:00,293.31,5.5,61.6,0
2024-01-01 22:00:00,213.84,10.6,74.5,0
2024-01-01 23:00:00,125.4,13.5,62.5,0
2024-01-02 00:00:00,129.37,14.1,63.2,0
2024-01-02 01:00:00,86.55,14.7,61.4,1
2024-01-02 02:00:00,120.13,21.8,56.5,0
2024-01-02 03:00:00,208.76,26.8,47.1,0
2024-01-02 04:00:00,104.98,20.6,45.5,0
2024-01-02 05:00:00,151.02,24.2,43.3,0
2024-01-02 06:00:00,193.08,25.4,47.5,0
2024-01-02 07:00:00,251.4,26.1,44.9,0
2024-01-02 08:00:00,194.37,21.9,50.4,0
2024-01-02 09:00:00,208.6,22.3,55.6,0
2024-01-02 10:00:00,193.47,21.1,45.7,0
2024-01-02 11:00:00,117.07,19.5,54.0,0
2024-01-02 12:00:00,117.4,17.9,64.0,0
2024-01-02 13:00:00,134.83,11.0,54.7,0
2024-01-02 14:00:00,134.94,8.3,67.5,0
2024-01-02 15:00:00,167.2,6.2,67.5,0
2024-01-02 16:00:00,168.96,5.5,69.6,0
2024-01-02 17:00:00,302.99,4.8,76.8,0
2024-01-02 18:00:00,313.98,3.2,74.4,0
2024-01-02 19:00:00,250.43,7.8,70.8,0
2024-01-02 20:00:00,308.43,3.3,79.6,0
2024-01-02 21:00:00,307.35,4.3,65.4,0
2024-01-02 22:00:00,235.31,9.4,69.7,0
2024-01-02 23:00:00,114.98,12.6,65.6,0
2024-01-03 00:00:00,122.15,15.7,57.8,0
2024-01-03 01:00:00,124.49,15.7,60.8,0
2024-01-03 02:00:00,132.81,17.2,53.3,0
2024-01-03 03:00:00,142.52,22.7,48.3,0
2024-01-03 04:00:00,136.76,21.1,42.4,0
2024-01-03 05:00:00,159.28,25.0,49.5,0
2024-01-03 06:00:00,199.66,25.9,39.7,0
2024-01-03 07:00:00,226.9,23.2,48.8,0
2024-01-03 08:00:00,202.78,24.6,42.8,1
2024-01-03 09:00:00,215.27,22.3,51.5,0
2024-01-03 10:00:00,204.97,19.5,54.8,0
2024-01-03 11:00:00,105.78,19.2,54.0,0
2024-01-03 12:00:00,114.84,15.1,64.8,0
2024-01-03 13:00:00,132.97,14.0,65.1,0
2024-01-03 14:00:00,129.29,10.2,72.1,0
2024-01-03 15:00:00,135.82,9.2,62.6,0
2024-01-03 16:00:00,188.45,5.7,78.7,0
2024-01-03 17:00:00,303.47,3.7,81.7,0
2024-01-03 18:00:00,241.59,7.8,82.3,0
2024-01-03 19:00:00,316.96,2.9,84.1,0
2024-01-03 20:00:00,229.69,4.2,74.3,1
2024-01-03 21:00:00,238.63,8.7,66.9,0
2024-01-03 22:00:00,238.79,10.5,69.1,0
2024-01-03 23:00:00,139.24,11.4,62.1,0
2024-01-04 00:00:00,107.79,13.7,64.6,0
2024-01-04 01:00:00,127.87,14.5,55.1,0
2024-01-04 02:00:00,133.28,20.0,56.3,0
2024-01-04 03:00:00,126.48,22.4,51.9,0
2024-01-04 04:00:00,141.54,23.3,46.3,0
2024-01-04 05:00:00,182.88,25.7,37.5,0
2024-01-04 06:00:00,151.2,23.7,40.0,0
2024-01-04 07:00:00,248.84,24.0,56.9,0
2024-01-04 08:00:00,246.17,24.5,47.5,0
2024-01-04 09:00:00,200.14,22.0,53.7,0
2024-01-04 10:00:00,208.73,19.0,55.3,0
2024-01-04 11:00:00,118.67,17.5,50.3,0
2024-01-04 12:00:00,125.43,14.7,59.5,0
2024-01-04 13:00:00,121.35,12.5,59.3,0
2024-01-04 14:00:00,124.88,9.6,69.1,0
2024-01-04 15:00:00,161.27,6.7,71.2,0
2024-01-04 16:00:00,160.0,4.8,77.7,0
2024-01-04 17:00:00,229.91,5.2,79.5,1
2024-01-04 18:00:00,291.89,6.0,80.3,0
2024-01-04 19:00:00,201.5,7.7,73.5,1
2024-01-04 20:00:00,248.91,9.0,73.5,0
2024-01-04 21:00:00,224.51,10.2,78.1,0
2024-01-04 22:00:00,186.98,12.2,75.4,1
2024-01-04 23:00:00,130.28,11.2,67.6,0
2024-01-05 00:00:00,119.7,14.9,59.6,0
2024-01-05 01:00:00,119.2,19.8,52.7,0
2024-01-05 02:00:00,115.68,20.4,47.2,0
2024-01-05 03:00:00,151.24,23.5,49.5,0
2024-01-05 04:00:00,136.39,23.3,49.3,0
2024-01-05 05:00:00,205.03,25.9,54.4,0
2024-01-05 06:00:00,128.0,22.8,43.5,0
2024-01-05 07:00:00,298.85,27.5,48.3,0
2024-01-05 08:00:00,159.84,21.8,44.6,1
2024-01-05 09:00:00,206.59,21.1,47.2,0
2024-01-05 10:00:00,183.84,20.1,53.5,0
2024-01-05 11:00:00,121.27,15.7,61.0,0
2024-01-05 12:00:00,125.64,14.9,55.8,0
2024-01-05 13:00:00,116.61,13.3,62.5,1
2024-01-05 14:00:00,88.87,12.4,68.0,1
2024-01-05 15:00:00,211.15,3.7,70.8,0
2024-01-05 16:00:00,122.18,10.7,77.0,0
2024-01-05 17:00:00,304.39,3.2,81.3,0
2024-01-05 18:00:00,306.36,2.4,69.5,0
2024-01-05 19:00:00,292.66,5.2,75.6,0
2024-01-05 20:00:00,255.32,7.8,67.5,0
2024-01-05 21:00:00,273.73,6.1,73.5,0
2024-01-05 22:00:00,228.23,10.2,62.6,0
2024-01-05 23:00:00,137.55,11.8,61.4,0
2024-01-06 00:00:00,95.22,17.8,59.2,0
2024-01-06 01:00:00,103.04,14.6,61.2,0
2024-01-06 02:00:00,104.59,20.0,47.9,0
2024-01-06 03:00:00,90.14,17.3,53.1,0
2024-01-06 04:00:00,183.72,26.0,44.8,0
2024-01-06 05:00:00,153.07,26.1,41.5,0
2024-01-06 06:00:00,145.48,26.8,47.0,0
2024-01-06 07:00:00,171.83,23.1,48.6,0
2024-01-06 08:00:00,136.86,22.2,51.4,1
2024-01-06 09:00:00,153.76,21.8,48.5,0
2024-01-06 10:00:00,166.69,19.7,52.6,0
2024-01-06 11:00:00,90.04,14.9,49.4,0
2024-01-06 12:00:00,98.1,15.4,61.8,0
2024-01-06 13:00:00,106.88,15.7,64.4,0
2024-01-06 14:00:00,109.86,8.7,64.7,0
2024-01-06 15:00:00,133.01,5.7,62.9,0
2024-01-06 16:00:00,89.44,10.9,75.3,0
2024-01-06 17:00:00,244.47,5.2,80.1,0
2024-01-06 18:00:00,258.71,3.3,75.1,0
2024-01-06 19:00:00,245.51,3.4,72.4,0
2024-01-06 20:00:00,188.47,8.5,68.1,0
2024-01-06 21:00:00,208.53,9.6,75.0,0
2024-01-06 22:00:00,190.24,10.0,64.1,0
2024-01-06 23:00:00,86.47,11.2,61.8,0
2024-01-07 00:00:00,94.85,14.3,60.8,0
2024-01-07 01:00:00,87.77,14.7,59.9,0
2024-01-07 02:00:00,105.44,19.6,50.1,0
2024-01-07 03:00:00,107.68,20.2,45.9,0
2024-01-07 04:00:00,89.86,21.2,47.7,0
2024-01-07 05:00:00,150.67,26.2,51.5,0
2024-01-07 06:00:00,118.67,23.2,45.0,0
2024-01-07 07:00:00,243.95,27.2,50.1,0
2024-01-07 08:00:00,173.42,18.6,44.1,0
2024-01-07 09:00:00,151.71,21.3,50.0,0
2024-01-07 10:00:00,156.12,21.3,51.9,0
2024-01-07 11:00:00,84.72,17.5,62.1,0
2024-01-07 12:00:00,97.77,13.4,58.3,0
2024-01-07 13:00:00,101.3,12.7,61.7,0
2024-01-07 14:00:00,88.47,10.9,69.3,0
2024-01-07 15:00:00,129.25,6.9,70.2,0
2024-01-07 16:00:00,82.38,10.1,66.9,0
2024-01-07 17:00:00,279.59,0.3,79.4,1
2024-01-07 18:00:00,279.02,0.6,79.7,0
2024-01-07 19:00:00,195.23,6.6,81.6,0
2024-01-07 20:00:00,204.96,8.1,70.4,1
2024-01-07 21:00:00,183.89,10.1,68.9,0
2024-01-07 22:00:00,176.64,11.3,68.5,0
2024-01-07 23:00:00,123.97,13.2,71.7,0
2024-01-08 00:00:00,113.27,15.4,64.4,0
2024-01-08 01:00:00,114.85,17.9,58.3,0
2024-01-08 02:00:00,115.26,21.8,53.5,0
2024-01-08 03:00:00,128.51,22.4,45.6,0
2024-01-08 04:00:00,106.41,20.3,45.2,0
2024-01-08 05:00:00,221.69,26.9,42.0,0
2024-01-08 06:00:00,177.46,24.8,50.7,0
2024-01-08 07:00:00,258.66,25.0,56.9,0
2024-01-08 08:00:00,254.61,24.8,48.4,0
2024-01-08 09:00:00,205.56,22.6,52.4,0
2024-01-08 10:00:00,216.42,18.4,53.5,0
2024-01-08 11:00:00,123.23,17.8,56.7,0
2024-01-08 12:00:00,113.43,16.9,53.3,0
2024-01-08 13:00:00,121.09,11.5,72.4,0
2024-01-08 14:00:00,146.43,10.4,69.0,0
2024-01-08 15:00:00,147.96,8.8,70.1,0
2024-01-08 16:00:00,161.22,6.3,75.6,0
2024-01-08 17:00:00,299.83,2.5,71.0,0
2024-01-08 18:00:00,258.33,5.6,72.9,0
2024-01-08 19:00:00,306.15,4.1,75.8,0
2024-01-08 20:00:00,276.59,6.1,75.1,0
2024-01-08 21:00:00,278.2,6.9,73.9,0
2024-01-08 22:00:00,224.62,12.2,74.3,0
2024-01-08 23:00:00,114.52,12.4,70.4,0
2024-01-09 00:00:00,125.85,14.4,57.1,0
2024-01-09 01:00:00,123.74,17.8,53.4,0
2024-01-09 02:00:00,129.87,19.7,40.3,0
2024-01-09 03:00:00,109.63,20.2,51.1,0
2024-01-09 04:00:00,216.28,26.9,42.0,0
2024-01-09 05:00:00,119.48,19.8,56.3,0
2024-01-09 06:00:00,179.05,26.0,45.5,0
2024-01-09 07:00:00,254.55,25.9,42.8,0
2024-01-09 08:00:00,219.11,22.8,58.8,0
2024-01-09 09:00:00,198.05,22.1,49.0,0
2024-01-09 10:00:00,193.13,19.7,42.5,0
2024-01-09 11:00:00,113.22,18.1,51.1,0
2024-01-09 12:00:00,126.02,15.6,57.0,0
2024-01-09 13:00:00,124.97,12.0,68.1,0
2024-01-09 14:00:00,107.3,12.0,59.1,0
2024-01-09 15:00:00,132.32,11.7,61.4,0
2024-01-09 16:00:00,129.65,9.0,71.0,0
2024-01-09 17:00:00,288.71,5.3,71.0,0
2024-01-09 18:00:00,347.51,-0.7,69.6,0
2024-01-09 19:00:00,328.39,4.3,71.0,0
2024-01-09 20:00:00,300.65,4.5,69.2,0
2024-01-09 21:00:00,248.21,8.8,72.5,0
2024-01-09 22:00:00,226.83,13.4,66.8,0
2024-01-09 23:00:00,128.88,9.5,65.3,0
2024-01-10 00:00:00,106.14,12.6,61.9,0
2024-01-10 01:00:00,128.84,16.4,61.5,0
2024-01-10 02:00:00,125.83,14.9,57.6,0
2024-01-10 03:00:00,112.42,19.4,50.3,0
2024-01-10 04:00:00,221.07,27.1,40.6,0
2024-01-10 05:00:00,209.32,27.0,44.0,0
2024-01-10 06:00:00,149.57,23.9,49.6,0
2024-01-10 07:00:00,287.47,26.2,44.8,0
2024-01-10 08:00:00,240.9,24.3,45.1,0
2024-01-10 09:00:00,191.44,20.7,48.7,0
2024-01-10 10:00:00,153.68,17.8,56.0,1
2024-01-10 11:00:00,107.04,17.3,55.7,0
2024-01-10 12:00:00,137.92,15.5,55.3,0
2024-01-10 13:00:00,119.31,13.0,59.5,0
2024-01-10 14:00:00,131.23,9.8,69.4,0
2024-01-10 15:00:00,118.46,11.0,72.8,0
2024-01-10 16:00:00,179.38,4.6,77.1,0
2024-01-10 17:00:00,249.25,9.5,77.9,0
2024-01-10 18:00:00,283.41,4.5,89.4,0
2024-01-10 19:00:00,295.16,3.7,70.8,0
2024-01-10 20:00:00,209.6,6.5,78.7,1
2024-01-10 21:00:00,236.76,8.4,73.8,0
2024-01-10 22:00:00,234.29,9.7,66.9,0
2024-01-10 23:00:00,129.61,11.2,61.0,0
2024-01-11 00:00:00,139.23,16.2,59.7,0
2024-01-11 01:00:00,131.42,17.5,57.9,0
2024-01-11 02:00:00,131.63,18.3,59.2,0
2024-01-11 03:00:00,153.11,23.4,51.0,0
2024-01-11 04:00:00,167.77,24.7,55.5,0
2024-01-11 05:00:00,140.79,23.1,40.8,0
2024-01-11 06:00:00,169.57,25.1,48.8,0
2024-01-11 07:00:00,255.09,25.4,48.7,0
2024-01-11 08:00:00,229.55,23.8,42.7,0
2024-01-11 09:00:00,203.62,21.8,44.6,0
2024-01-11 10:00:00,203.87,18.0,46.1,0
2024-01-11 11:00:00,111.13,18.4,57.1,0
2024-01-11 12:00:00,113.14,13.9,59.9,0
2024-01-11 13:00:00,106.04,17.2,58.3,0
2024-01-11 14:00:00,139.6,10.1,71.4,0
2024-01-11 15:00:00,148.54,7.5,70.3,0
2024-01-11 16:00:00,114.11,9.3,75.6,0
2024-01-11 17:00:00,235.19,10.3,73.7,0
2024-01-11 18:00:00,217.11,6.8,72.1,1
2024-01-11 19:00:00,230.94,6.3,63.0,1
2024-01-11 20:00:00,287.44,5.5,74.3,0
2024-01-11 21:00:00,226.04,10.1,73.5,0
2024-01-11 22:00:00,230.62,12.2,63.7,0
2024-01-11 23:00:00,110.06,11.3,63.1,0
2024-01-12 00:00:00,118.01,13.9,63.5,0
2024-01-12 01:00:00,108.91,20.4,52.1,0
2024-01-12 02:00:00,118.54,21.5,52.1,0
2024-01-12 03:00:00,138.14,23.1,38.9,0
2024-01-12 04:00:00,205.26,26.4,42.3,0
2024-01-12 05:00:00,215.9,28.0,37.6,0
2024-01-12 06:00:00,218.23,26.6,42.5,0
2024-01-12 07:00:00,230.69,23.5,50.7,0
2024-01-12 08:00:00,220.85,23.2,44.3,0
2024-01-12 09:00:00,266.89,25.5,51.7,0
2024-01-12 10:00:00,205.56,19.7,58.7,0
2024-01-12 11:00:00,128.19,17.7,53.9,0
2024-01-12 12:00:00,149.97,16.9,66.8,0
2024-01-12 13:00:00,100.33,13.9,56.4,0
2024-01-12 14:00:00,163.05,8.3,67.0,0
2024-01-12 15:00:00,203.13,3.5,64.7,0
2024-01-12 16:00:00,226.45,1.5,76.0,0
2024-01-12 17:00:00,239.97,9.4,74.2,0
2024-01-12 18:00:00,279.56,5.6,68.0,0
2024-01-12 19:00:00,304.5,4.8,75.1,0
2024-01-12 20:00:00,223.16,10.0,73.1,0
2024-01-12 21:00:00,251.53,8.9,65.7,0
2024-01-12 22:00:00,259.31,8.2,68.4,0
2024-01-12 23:00:00,114.0,12.5,77.7,0
2024-01-13 00:00:00,86.22,13.4,60.9,0
2024-01-13 01:00:00,97.39,15.2,60.0,0
2024-01-13 02:00:00,85.98,22.2,57.6,0
2024-01-13 03:00:00,149.45,23.3,54.4,0
2024-01-13 04:00:00,119.46,24.1,49.9,0
2024-01-13 05:00:00,171.66,26.2,40.0,0
2024-01-13 06:00:00,164.95,27.2,41.7,0
2024-01-13 07:00:00,200.1,24.7,43.3,0
2024-01-13 08:00:00,199.79,24.2,43.6,0
2024-01-13 09:00:00,170.87,17.5,61.2,0
2024-01-13 10:00:00,160.91,19.1,52.8,0
2024-01-13 11:00:00,93.98,15.1,70.6,0
2024-01-13 12:00:00,91.93,17.0,55.2,0
2024-01-13 13:00:00,83.56,13.9,65.8,0
2024-01-13 14:00:00,108.25,7.6,65.4,0
2024-01-13 15:00:00,134.0,6.0,73.8,0
2024-01-13 16:00:00,149.52,3.3,68.0,0
2024-01-13 17:00:00,234.88,2.4,82.0,0
2024-01-13 18:00:00,253.64,3.8,69.5,0
2024-01-13 19:00:00,206.82,7.7,72.6,0
2024-01-13 20:00:00,232.23,4.0,75.9,0
2024-01-13 21:00:00,228.98,6.4,71.6,1
2024-01-13 22:00:00,171.68,12.7,78.9,0
2024-01-13 23:00:00,108.64,9.9,59.6,0
2024-01-14 00:00:00,100.7,11.3,58.3,0
2024-01-14 01:00:00,83.91,16.0,43.7,0
2024-01-14 02:00:00,105.71,16.1,52.3,0
2024-01-14 03:00:00,81.91,21.3,49.0,0
2024-01-14 04:00:00,170.9,27.0,47.1,0
2024-01-14 05:00:00,165.02,26.7,36.9,0
2024-01-14 06:00:00,199.77,27.7,45.7,0
2024-01-14 07:00:00,140.29,21.3,46.9,0
2024-01-14 08:00:00,166.09,19.4,45.5,0
2024-01-14 09:00:00,160.25,19.4,44.7,0
2024-01-14 10:00:00,160.99,17.5,64.3,0
2024-01-14 11:00:00,104.73,16.3,55.3,0
2024-01-14 12:00:00,110.58,17.4,56.2,0
2024-01-14 13:00:00,91.83,12.0,66.9,0
2024-01-14 14:00:00,94.15,9.6,61.6,0
2024-01-14 15:00:00,105.36,8.9,75.0,0
2024-01-14 16:00:00,127.02,6.4,71.8,0
2024-01-14 17:00:00,211.61,5.4,76.4,0
2024-01-14 18:00:00,211.51,7.7,73.5,0
2024-01-14 19:00:00,247.92,3.1,79.4,0
2024-01-14 20:00:00,235.03,3.7,76.0,0
2024-01-14 21:00:00,213.52,8.2,68.1,1
2024-01-14 22:00:00,186.95,10.1,77.6,0
2024-01-14 23:00:00,100.19,9.8,66.4,0
2024-01-15 00:00:00,113.56,15.7,51.0,0
2024-01-15 01:00:00,102.56,17.2,49.6,0
2024-01-15 02:00:00,126.39,19.1,51.3,0
2024-01-15 03:00:00,120.58,21.2,48.6,0
2024-01-15 04:00:00,200.86,25.6,50.6,0
2024-01-15 05:00:00,222.0,27.5,51.4,0
2024-01-15 06:00:00,228.13,27.6,54.1,0
2024-01-15 07:00:00,274.17,25.3,40.4,0
2024-01-15 08:00:00,277.77,27.1,50.3,0
2024-01-15 09:00:00,195.34,20.1,45.1,0
2024-01-15 10:00:00,208.82,20.0,42.2,0
2024-01-15 11:00:00,138.54,20.3,47.7,0
2024-01-15 12:00:00,132.25,16.8,67.9,0
2024-01-15 13:00:00,128.5,15.2,56.5,0
2024-01-15 14:00:00,167.61,7.0,64.0,0
2024-01-15 15:00:00,130.03,8.1,69.9,0
2024-01-15 16:00:00,142.3,3.6,81.9,1
2024-01-15 17:00:00,265.6,6.8,72.5,0
2024-01-15 18:00:00,263.59,8.9,75.4,0
2024-01-15 19:00:00,294.59,5.9,74.6,0
2024-01-15 20:00:00,284.44,6.1,75.5,0
2024-01-15 21:00:00,241.73,9.0,77.7,0
2024-01-15 22:00:00,240.51,9.0,61.7,0
2024-01-15 23:00:00,123.62,14.9,63.1,0
2024-01-16 00:00:00,104.82,13.1,65.8,0
2024-01-16 01:00:00,117.27,15.8,56.3,0
2024-01-16 02:00:00,126.57,21.6,60.0,0
2024-01-16 03:00:00,194.15,26.4,57.0,0
2024-01-16 04:00:00,115.83,23.6,52.4,1
2024-01-16 05:00:00,125.01,22.8,42.8,0
2024-01-16 06:00:00,132.34,22.7,44.4,0
2024-01-16 07:00:00,234.02,24.5,41.2,0
2024-01-16 08:00:00,313.66,27.2,46.6,0
2024-01-16 09:00:00,216.64,22.5,46.1,0
2024-01-16 10:00:00,181.64,18.9,53.2,0
2024-01-16 11:00:00,118.09,20.6,55.1,0
2024-01-16 12:00:00,121.42,14.4,57.5,0
2024-01-16 13:00:00,116.64,12.0,63.3,0
2024-01-16 14:00:00,119.59,10.2,66.4,0
2024-01-16 15:00:00,123.99,8.6,66.4,0
2024-01-16 16:00:00,136.51,8.0,79.4,0
2024-01-16 17:00:00,266.67,6.1,70.0,0
2024-01-16 18:00:00,311.41,2.4,77.1,0
2024-01-16 19:00:00,302.8,3.6,71.4,0
2024-01-16 20:00:00,261.28,7.1,74.7,0
2024-01-16 21:00:00,267.4,7.0,70.4,0
2024-01-16 22:00:00,253.48,12.5,69.3,0
2024-01-16 23:00:00,105.09,11.7,62.0,0
2024-01-17 00:00:00,112.4,17.5,56.6,0
2024-01-17 01:00:00,123.96,20.3,59.6,0
2024-01-17 02:00:00,129.14,19.5,59.0,0
2024-01-17 03:00:00,134.27,20.0,45.8,0
2024-01-17 04:00:00,108.82,21.1,49.3,0
2024-01-17 05:00:00,182.47,24.9,33.8,0
2024-01-17 06:00:00,184.63,26.4,50.5,0
2024-01-17 07:00:00,215.93,22.9,40.1,0
2024-01-17 08:00:00,247.01,24.7,50.7,0
2024-01-17 09:00:00,222.82,20.7,54.1,0
2024-01-17 10:00:00,219.19,20.2,60.2,0
2024-01-17 11:00:00,126.07,18.4,58.3,0
2024-01-17 12:00:00,117.46,13.0,54.8,0
2024-01-17 13:00:00,116.91,13.6,58.9,0
2024-01-17 14:00:00,102.26,11.1,68.2,0
2024-01-17 15:00:00,115.39,9.1,67.2,0
2024-01-17 16:00:00,125.73,8.2,70.6,0
2024-01-17 17:00:00,297.57,4.3,70.9,0
2024-01-17 18:00:00,304.56,4.2,76.4,0
2024-01-17 19:00:00,242.89,9.1,70.3,0
2024-01-17 20:00:00,234.84,7.7,64.1,0
2024-01-17 21:00:00,288.11,5.7,77.4,0
2024-01-17 22:00:00,228.25,12.9,64.1,0
2024-01-17 23:00:00,117.93,11.4,69.3,0
2024-01-18 00:00:00,123.13,15.4,61.0,0
2024-01-18 01:00:00,115.07,19.7,70.4,0
2024-01-18 02:00:00,77.84,18.7,50.2,1
2024-01-18 03:00:00,132.8,24.5,50.7,1
2024-01-18 04:00:00,199.56,27.2,55.6,0
2024-01-18 05:00:00,117.59,22.5,49.4,0
2024-01-18 06:00:00,185.47,25.4,43.5,0
2024-01-18 07:00:00,212.64,22.9,44.3,0
2024-01-18 08:00:00,317.84,28.2,45.9,0
2024-01-18 09:00:00,289.53,25.7,49.9,0
2024-01-18 10:00:00,199.54,19.9,52.0,0
2024-01-18 11:00:00,122.63,15.0,50.9,0
2024-01-18 12:00:00,135.31,15.5,59.7,0
2024-01-18 13:00:00,113.26,11.6,62.6,0
2024-01-18 14:00:00,152.01,9.2,66.9,0
2024-01-18 15:00:00,143.28,8.6,73.0,0
2024-01-18 16:00:00,120.97,7.7,72.4,1
2024-01-18 17:00:00,254.19,7.6,74.1,0
2024-01-18 18:00:00,236.25,9.5,82.5,0
2024-01-18 19:00:00,299.17,3.9,68.2,0
2024-01-18 20:00:00,272.5,5.6,67.8,0
2024-01-18 21:00:00,233.74,11.2,74.1,0
2024-01-18 22:00:00,237.75,9.9,68.7,0
2024-01-18 23:00:00,132.15,12.4,56.6,0
2024-01-19 00:00:00,116.5,15.9,52.7,0
2024-01-19 01:00:00,120.64,14.7,53.1,0
2024-01-19 02:00:00,101.83,19.4,46.2,0
2024-01-19 03:00:00,176.79,24.6,54.4,0
2024-01-19 04:00:00,138.24,22.4,46.5,0
2024-01-19 05:00:00,216.94,27.4,48.8,0
2024-01-19 06:00:00,161.19,23.7,37.3,0
2024-01-19 07:00:00,254.0,24.5,47.0,0
2024-01-19 08:00:00,179.78,22.4,45.0,0
2024-01-19 09:00:00,195.01,19.5,48.2,0
2024-01-19 10:00:00,192.88,20.8,50.0,0
2024-01-19 11:00:00,116.77,16.5,61.0,0
2024-01-19 12:00:00,106.32,15.5,59.2,0
2024-01-19 13:00:00,109.34,16.1,76.1,0
2024-01-19 14:00:00,132.55,9.0,65.0,0
2024-01-19 15:00:00,149.51,6.7,72.0,0
2024-01-19 16:00:00,145.83,7.6,71.9,0
2024-01-19 17:00:00,280.2,4.6,68.0,0
2024-01-19 18:00:00,284.22,6.0,75.8,0
2024-01-19 19:00:00,331.35,3.6,75.3,0
2024-01-19 20:00:00,306.11,4.5,75.1,0
2024-01-19 21:00:00,246.56,8.8,69.6,0
2024-01-19 22:00:00,237.71,12.5,71.6,0
2024-01-19 23:00:00,128.66,16.9,59.8,0
2024-01-20 00:00:00,95.19,16.2,58.4,0
2024-01-20 01:00:00,86.31,16.7,53.7,0
2024-01-20 02:00:00,133.19,22.8,52.8,0
2024-01-20 03:00:00,102.75,20.9,36.7,0
2024-01-20 04:00:00,118.14,22.3,38.0,0
2024-01-20 05:00:00,151.66,26.7,41.1,0
2024-01-20 06:00:00,173.85,27.7,51.3,0
2024-01-20 07:00:00,165.08,21.3,37.5,0
2024-01-20 08:00:00,191.65,24.3,48.7,0
2024-01-20 09:00:00,162.0,20.9,45.7,0
2024-01-20 10:00:00,163.74,21.3,51.1,1
2024-01-20 11:00:00,90.23,15.8,59.2,0
2024-01-20 12:00:00,89.69,18.2,66.3,0
2024-01-20 13:00:00,80.34,14.2,69.0,0
2024-01-20 14:00:00,109.81,11.6,71.4,0
2024-01-20 15:00:00,86.1,9.6,75.8,0
2024-01-20 16:00:00,174.36,3.5,64.9,0
2024-01-20 17:00:00,235.15,3.6,71.5,0
2024-01-20 18:00:00,236.42,3.9,71.2,0
2024-01-20 19:00:00,220.78,6.2,78.5,0
2024-01-20 20:00:00,214.3,6.4,72.6,0
2024-01-20 21:00:00,235.43,4.9,71.8,0
2024-01-20 22:00:00,200.86,7.6,85.9,0
2024-01-20 23:00:00,98.74,15.6,64.7,0
2024-01-21 00:00:00,89.26,16.1,58.0,0
2024-01-21 01:00:00,85.84,18.8,62.8,1
2024-01-21 02:00:00,86.82,17.3,48.7,0
2024-01-21 03:00:00,102.64,22.3,37.7,0
2024-01-21 04:00:00,107.47,22.7,49.5,0
2024-01-21 05:00:00,114.4,23.0,50.4,0
2024-01-21 06:00:00,164.63,26.2,39.5,0
2024-01-21 07:00:00,214.9,25.7,56.1,1
2024-01-21 08:00:00,181.04,22.8,55.5,0
2024-01-21 09:00:00,166.2,21.8,43.2,0
2024-01-21 10:00:00,149.64,19.2,48.9,0
2024-01-21 11:00:00,75.91,19.0,68.4,0
2024-01-21 12:00:00,98.5,18.3,54.8,0
2024-01-21 13:00:00,114.37,8.7,65.8,0
2024-01-21 14:00:00,94.67,10.4,68.0,0
2024-01-21 15:00:00,140.37,6.3,64.6,0
2024-01-21 16:00:00,92.12,9.3,73.1,0
2024-01-21 17:00:00,243.15,4.0,82.7,0
2024-01-21 18:00:00,252.36,3.4,81.0,0
2024-01-21 19:00:00,269.44,0.7,71.1,0
2024-01-21 20:00:00,235.5,3.7,65.6,0
2024-01-21 21:00:00,175.83,9.6,70.2,0
2024-01-21 22:00:00,178.18,10.6,71.6,0
2024-01-21 23:00:00,92.55,11.7,63.9,0
2024-01-22 00:00:00,120.22,17.2,63.2,0
2024-01-22 01:00:00,126.49,18.9,55.8,0
2024-01-22 02:00:00,116.14,19.7,59.8,0
2024-01-22 03:00:00,169.66,24.9,50.6,0
2024-01-22 04:00:00,173.44,24.4,47.5,0
2024-01-22 05:00:00,187.43,26.0,56.6,0
2024-01-22 06:00:00,204.8,27.0,36.6,0
2024-01-22 07:00:00,306.57,27.3,38.9,0
2024-01-22 08:00:00,254.4,24.8,51.3,0
2024-01-22 09:00:00,265.96,24.8,50.1,0
2024-01-22 10:00:00,183.04,22.2,50.2,0
2024-01-22 11:00:00,107.55,16.7,62.5,1
2024-01-22 12:00:00,128.33,14.0,56.2,0
2024-01-22 13:00:00,129.12,12.2,54.2,0
2024-01-22 14:00:00,98.47,9.9,62.6,0
2024-01-22 15:00:00,161.91,5.5,73.0,1
2024-01-22 16:00:00,113.42,10.1,69.9,0
2024-01-22 17:00:00,245.82,7.5,70.1,0
2024-01-22 18:00:00,255.27,7.0,78.7,0
2024-01-22 19:00:00,283.02,4.6,72.3,0
2024-01-22 20:00:00,276.86,6.2,79.9,0
2024-01-22 21:00:00,236.61,11.0,68.7,0
2024-01-22 22:00:00,229.67,13.2,69.2,0
2024-01-22 23:00:00,103.45,11.2,60.2,0
2024-01-23 00:00:00,127.82,16.2,56.3,0
2024-01-23 01:00:00,127.38,18.1,57.6,0
2024-01-23 02:00:00,107.99,20.8,48.8,0
2024-01-23 03:00:00,129.08,18.5,39.4,0
2024-01-23 04:00:00,200.03,25.6,40.2,0
2024-01-23 05:00:00,108.38,21.8,47.1,0
2024-01-23 06:00:00,180.06,25.2,39.1,0
2024-01-23 07:00:00,256.25,25.2,41.9,0
2024-01-23 08:00:00,254.84,25.2,47.2,0
2024-01-23 09:00:00,207.06,22.5,49.3,0
2024-01-23 10:00:00,190.89,20.0,49.0,0
2024-01-23 11:00:00,91.99,14.7,53.9,0
2024-01-23 12:00:00,112.6,16.2,54.0,0
2024-01-23 13:00:00,106.92,11.7,64.7,0
2024-01-23 14:00:00,135.22,11.9,63.0,0
2024-01-23 15:00:00,140.9,8.5,64.4,0
2024-01-23 16:00:00,147.49,7.6,69.7,0
2024-01-23 17:00:00,266.38,7.8,82.2,0
2024-01-23 18:00:00,252.45,7.3,77.3,0
2024-01-23 19:00:00,271.81,6.2,78.4,0
2024-01-23 20:00:00,295.08,5.0,69.2,0
2024-01-23 21:00:00,239.61,7.3,73.4,0
2024-01-23 22:00:00,235.03,10.2,66.9,0
2024-01-23 23:00:00,113.79,13.7,72.8,0
2024-01-24 00:00:00,114.57,15.2,57.8,0
2024-01-24 01:00:00,123.83,23.2,57.5,0
2024-01-24 02:00:00,119.41,22.4,48.0,0
2024-01-24 03:00:00,125.69,21.6,46.7,0
2024-01-24 04:00:00,155.28,23.7,47.7,0
2024-01-24 05:00:00,141.94,23.9,37.6,0
2024-01-24 06:00:00,213.45,27.3,36.9,0
2024-01-24 07:00:00,253.54,26.2,38.3,0
2024-01-24 08:00:00,196.25,21.5,43.5,0
2024-01-24 09:00:00,213.42,21.9,54.6,0
2024-01-24 10:00:00,193.04,18.0,52.8,0
2024-01-24 11:00:00,145.43,14.2,56.5,0
2024-01-24 12:00:00,125.29,14.6,66.9,0
2024-01-24 13:00:00,151.94,7.5,67.7,0
2024-01-24 14:00:00,128.35,12.4,69.3,0
2024-01-24 15:00:00,138.95,8.9,67.8,0
2024-01-24 16:00:00,149.97,3.5,72.6,1
2024-01-24 17:00:00,279.16,4.6,75.2,0
2024-01-24 18:00:00,321.92,3.3,70.8,0
2024-01-24 19:00:00,304.73,4.1,79.2,0
2024-01-24 20:00:00,306.03,2.8,78.0,0
2024-01-24 21:00:00,278.21,7.3,64.6,0
2024-01-24 22:00:00,215.74,13.4,61.9,0
2024-01-24 23:00:00,109.58,11.2,70.9,0
2024-01-25 00:00:00,118.52,14.8,61.3,0
2024-01-25 01:00:00,124.02,16.6,54.3,0
2024-01-25 02:00:00,122.53,22.6,49.3,0
2024-01-25 03:00:00,139.93,21.6,51.6,0
2024-01-25 04:00:00,149.64,24.3,44.1,0
2024-01-25 05:00:00,171.03,25.2,39.2,0
2024-01-25 06:00:00,225.0,27.1,48.4,0
2024-01-25 07:00:00,214.2,22.6,46.4,0
2024-01-25 08:00:00,210.44,22.6,40.8,0
2024-01-25 09:00:00,212.1,17.7,54.8,0
2024-01-25 10:00:00,200.22,21.8,52.3,0
2024-01-25 11:00:00,112.44,17.8,60.0,0
2024-01-25 12:00:00,119.93,15.5,62.8,0
2024-01-25 13:00:00,118.36,9.2,61.5,0
2024-01-25 14:00:00,147.58,8.0,58.5,0
2024-01-25 15:00:00,184.65,5.4,61.6,0
2024-01-25 16:00:00,165.0,7.0,67.2,0
2024-01-25 17:00:00,262.03,7.5,70.6,0
2024-01-25 18:00:00,268.57,6.2,74.2,0
2024-01-25 19:00:00,214.55,5.0,70.4,1
2024-01-25 20:00:00,250.39,8.4,76.0,0
2024-01-25 21:00:00,218.99,10.0,65.4,0
2024-01-25 22:00:00,273.32,6.3,79.4,0
2024-01-25 23:00:00,111.68,15.4,66.1,0
2024-01-26 00:00:00,115.0,12.8,50.6,0
2024-01-26 01:00:00,115.48,16.2,52.6,0
2024-01-26 02:00:00,118.81,17.4,51.0,0
2024-01-26 03:00:00,154.43,24.1,39.8,0
2024-01-26 04:00:00,145.01,22.9,57.5,0
2024-01-26 05:00:00,193.27,26.5,50.8,0
2024-01-26 06:00:00,210.68,27.3,51.6,0
2024-01-26 07:00:00,283.05,26.3,48.6,0
2024-01-26 08:00:00,222.21,23.9,46.1,0
2024-01-26 09:00:00,203.04,18.2,44.5,0
2024-01-26 10:00:00,200.09,17.7,49.4,0
2024-01-26 11:00:00,136.04,17.9,52.0,0
2024-01-26 12:00:00,132.06,16.5,55.6,0
2024-01-26 13:00:00,121.32,12.0,64.5,0
2024-01-26 14:00:00,109.88,11.7,72.9,0
2024-01-26 15:00:00,135.05,7.8,72.7,0
2024-01-26 16:00:00,120.47,8.9,70.5,0
2024-01-26 17:00:00,287.11,4.9,68.8,0
2024-01-26 18:00:00,309.34,4.0,77.0,0
2024-01-26 19:00:00,291.17,4.0,71.9,0
2024-01-26 20:00:00,313.3,3.8,71.6,0
2024-01-26 21:00:00,249.67,8.5,72.1,0
2024-01-26 22:00:00,231.32,13.8,61.2,0
2024-01-26 23:00:00,112.49,13.8,62.0,0
2024-01-27 00:00:00,79.39,13.4,58.7,0
2024-01-27 01:00:00,110.22,19.9,52.6,0
2024-01-27 02:00:00,113.67,22.5,58.7,0
2024-01-27 03:00:00,65.27,18.4,45.4,0
2024-01-27 04:00:00,105.09,22.9,46.3,0
2024-01-27 05:00:00,150.69,25.4,37.6,0
2024-01-27 06:00:00,118.82,22.4,40.7,0
2024-01-27 07:00:00,209.71,25.7,54.5,0
2024-01-27 08:00:00,211.03,24.9,46.2,0
2024-01-27 09:00:00,176.87,23.5,46.3,0
2024-01-27 10:00:00,165.07,23.0,48.7,0
2024-01-27 11:00:00,98.09,17.3,54.9,0
2024-01-27 12:00:00,90.3,12.2,59.6,0
2024-01-27 13:00:00,100.89,12.3,60.1,0
2024-01-27 14:00:00,82.52,11.2,67.3,0
2024-01-27 15:00:00,92.86,8.5,61.0,0
2024-01-27 16:00:00,111.9,7.8,72.2,0
2024-01-27 17:00:00,246.97,5.2,85.2,0
2024-01-27 18:00:00,233.46,5.8,76.1,0
2024-01-27 19:00:00,241.16,4.8,74.0,0
2024-01-27 20:00:00,185.51,9.3,82.1,0
2024-01-27 21:00:00,168.92,10.7,65.2,0
2024-01-27 22:00:00,185.7,9.8,65.2,0
2024-01-27 23:00:00,99.42,13.9,60.6,0
2024-01-28 00:00:00,92.74,18.4,47.9,0
2024-01-28 01:00:00,93.63,19.3,48.8,0
2024-01-28 02:00:00,100.46,21.4,58.7,1
2024-01-28 03:00:00,170.56,27.2,49.8,0
2024-01-28 04:00:00,89.28,22.0,58.5,0
2024-01-28 05:00:00,131.56,24.6,50.1,0
2024-01-28 06:00:00,175.28,27.3,39.8,0
2024-01-28 07:00:00,284.1,30.5,42.9,0
2024-01-28 08:00:00,150.89,19.8,45.5,0
2024-01-28 09:00:00,171.45,22.2,48.9,0
2024-01-28 10:00:00,146.88,21.1,50.1,1
2024-01-28 11:00:00,95.67,18.9,53.9,0
2024-01-28 12:00:00,91.61,13.5,63.7,0
2024-01-28 13:00:00,79.34,12.7,59.6,0
2024-01-28 14:00:00,101.7,8.6,71.1,0
2024-01-28 15:00:00,111.19,7.3,64.1,0
2024-01-28 16:00:00,95.17,9.7,71.8,0
2024-01-28 17:00:00,230.89,6.4,78.9,0
2024-01-28 18:00:00,261.03,1.4,82.1,0
2024-01-28 19:00:00,199.18,7.0,78.8,0
2024-01-28 20:00:00,224.88,6.2,70.8,0
2024-01-28 21:00:00,213.25,8.5,75.2,0
2024-01-28 22:00:00,198.23,7.5,67.6,0
2024-01-28 23:00:00,104.1,15.4,62.9,0
2024-01-29 00:00:00,118.4,17.0,61.1,0
2024-01-29 01:00:00,117.93,15.4,51.0,0
2024-01-29 02:00:00,128.98,18.4,59.3,0
2024-01-29 03:00:00,129.83,20.2,40.1,0
2024-01-29 04:00:00,145.66,23.6,40.8,0
2024-01-29 05:00:00,133.33,22.8,48.4,0
2024-01-29 06:00:00,219.72,27.6,43.2,0
2024-01-29 07:00:00,288.5,26.8,41.1,0
2024-01-29 08:00:00,239.64,25.4,43.8,0
2024-01-29 09:00:00,214.63,24.0,50.1,0
2024-01-29 10:00:00,195.38,24.2,49.3,1
2024-01-29 11:00:00,120.95,17.9,55.5,0
2024-01-29 12:00:00,131.45,18.7,57.7,0
2024-01-29 13:00:00,141.83,8.1,63.7,0
2024-01-29 14:00:00,159.76,8.2,60.9,0
2024-01-29 15:00:00,197.17,3.0,65.6,0
2024-01-29 16:00:00,156.63,5.9,63.4,0
2024-01-29 17:00:00,253.11,7.3,80.5,0
2024-01-29 18:00:00,286.7,5.6,81.6,0
2024-01-29 19:00:00,289.25,4.3,76.2,0
2024-01-29 20:00:00,248.84,9.0,74.9,0
2024-01-29 21:00:00,241.55,10.4,70.7,0
2024-01-29 22:00:00,232.97,10.4,62.3,0
2024-01-29 23:00:00,138.12,10.8,64.6,0
2024-01-30 00:00:00,130.58,15.2,57.4,0
2024-01-30 01:00:00,100.24,16.5,51.9,0
2024-01-30 02:00:00,120.8,22.2,43.2,0
2024-01-30 03:00:00,209.97,25.7,55.6,0
2024-01-30 04:00:00,169.92,25.7,50.5,0
2024-01-30 05:00:00,201.39,27.0,41.0,0
2024-01-30 06:00:00,160.2,24.4,40.3,0
2024-01-30 07:00:00,247.04,24.8,50.0,0
2024-01-30 08:00:00,253.78,24.4,47.8,0
2024-01-30 09:00:00,225.79,23.4,48.4,0
2024-01-30 10:00:00,223.91,22.9,51.6,0
2024-01-30 11:00:00,125.35,18.6,54.6,0
2024-01-30 12:00:00,109.06,15.8,61.4,0
2024-01-30 13:00:00,119.45,11.6,66.1,0
2024-01-30 14:00:00,101.93,9.5,63.4,1
2024-01-30 15:00:00,146.06,9.8,64.0,0
2024-01-30 16:00:00,155.14,6.6,69.6,0
2024-01-30 17:00:00,285.48,6.0,72.2,0
2024-01-30 18:00:00,298.21,5.3,69.7,0
2024-01-30 19:00:00,284.81,6.3,74.0,0
2024-01-30 20:00:00,251.71,10.3,75.3,0
2024-01-30 21:00:00,265.26,7.8,60.5,0
2024-01-30 22:00:00,242.29,13.1,69.7,0
2024-01-30 23:00:00,118.49,13.6,66.7,0
2024-01-31 00:00:00,128.94,14.4,66.5,0
2024-01-31 01:00:00,120.71,19.9,51.9,0
2024-01-31 02:00:00,112.36,16.7,51.3,0
2024-01-31 03:00:00,235.29,27.7,56.4,0
2024-01-31 04:00:00,151.38,23.5,46.9,0
2024-01-31 05:00:00,162.21,24.1,40.7,0
2024-01-31 06:00:00,238.2,27.6,47.7,0
2024-01-31 07:00:00,241.21,24.5,47.8,0
2024-01-31 08:00:00,300.82,26.9,39.9,0
2024-01-31 09:00:00,192.38,21.3,43.3,0
2024-01-31 10:00:00,195.34,19.3,51.6,0
2024-01-31 11:00:00,115.95,18.8,55.3,0
2024-01-31 12:00:00,112.54,13.6,68.3,0
2024-01-31 13:00:00,116.56,10.3,59.4,0
2024-01-31 14:00:00,136.87,10.5,72.8,0
2024-01-31 15:00:00,153.44,7.5,66.5,0
2024-01-31 16:00:00,149.54,7.6,81.1,0
2024-01-31 17:00:00,261.02,7.5,70.5,0
2024-01-31 18:00:00,311.33,2.8,78.4,0
2024-01-31 19:00:00,355.48,0.7,68.2,0
2024-01-31 20:00:00,228.27,6.1,65.5,1
2024-01-31 21:00:00,276.23,7.0,73.7,0
2024-01-31 22:00:00,237.29,11.6,63.7,0
2024-01-31 23:00:00,139.81,13.7,64.6,0
2024-02-01 00:00:00,129.35,16.5,62.3,0
2024-02-01 01:00:00,133.34,17.0,47.9,0
2024-02-01 02:00:00,134.45,23.9,53.5,0
2024-02-01 03:00:00,108.78,22.2,47.7,0
2024-02-01 04:00:00,176.4,24.9,49.8,0
2024-02-01 05:00:00,186.15,25.0,42.2,0
2024-02-01 06:00:00,183.95,25.6,45.0,0
2024-02-01 07:00:00,280.49,26.6,46.9,0
2024-02-01 08:00:00,190.4,22.4,47.1,0
2024-02-01 09:00:00,232.75,24.2,47.2,0
2024-02-01 10:00:00,199.73,19.3,53.4,0
2024-02-01 11:00:00,140.0,19.4,50.5,0
2024-02-01 12:00:00,97.12,13.6,71.1,1
2024-02-01 13:00:00,112.09,11.0,51.7,0
2024-02-01 14:00:00,144.29,8.7,75.8,0
2024-02-01 15:00:00,164.55,6.4,63.6,0
2024-02-01 16:00:00,145.75,9.3,75.6,0
2024-02-01 17:00:00,264.31,7.2,74.4,0
2024-02-01 18:00:00,270.15,6.3,72.0,0
2024-02-01 19:00:00,267.3,7.7,69.5,0
2024-02-01 20:00:00,300.15,4.2,82.7,0
2024-02-01 21:00:00,251.23,8.9,74.5,0
2024-02-01 22:00:00,238.84,10.9,74.2,0
2024-02-01 23:00:00,114.67,10.8,62.1,0
2024-02-02 00:00:00,111.55,15.8,59.7,0
2024-02-02 01:00:00,119.76,19.2,45.3,0
2024-02-02 02:00:00,127.31,21.6,55.0,0
2024-02-02 03:00:00,164.53,23.5,44.2,0
2024-02-02 04:00:00,129.89,22.2,53.7,0
2024-02-02 05:00:00,140.24,23.5,45.1,0
2024-02-02 06:00:00,225.25,27.7,49.0,0
2024-02-02 07:00:00,350.36,30.3,38.6,0
2024-02-02 08:00:00,226.22,24.0,38.3,0
2024-02-02 09:00:00,208.49,21.9,49.4,0
2024-02-02 10:00:00,205.7,20.0,56.0,0
2024-02-02 11:00:00,114.68,19.1,55.4,0
2024-02-02 12:00:00,136.31,13.4,54.9,0
2024-02-02 13:00:00,107.98,12.4,55.5,0
2024-02-02 14:00:00,133.85,8.5,55.3,0
2024-02-02 15:00:00,152.57,7.5,64.7,0
2024-02-02 16:00:00,133.83,9.6,72.9,0
2024-02-02 17:00:00,292.5,5.2,83.8,0
2024-02-02 18:00:00,255.29,7.1,79.9,0
2024-02-02 19:00:00,320.24,3.5,64.5,0
2024-02-02 20:00:00,290.92,5.9,77.2,0
2024-02-02 21:00:00,272.45,7.4,77.1,0
2024-02-02 22:00:00,220.73,11.3,67.9,0
2024-02-02 23:00:00,113.95,10.6,53.8,0
2024-02-03 00:00:00,110.53,14.5,57.9,0
2024-02-03 01:00:00,89.2,18.2,54.3,0
2024-02-03 02:00:00,131.46,23.7,61.6,0
2024-02-03 03:00:00,101.66,20.4,44.3,0
2024-02-03 04:00:00,104.96,20.8,49.4,0
2024-02-03 05:00:00,147.3,25.4,41.8,0
2024-02-03 06:00:00,158.07,25.5,42.4,0
2024-02-03 07:00:00,159.97,23.7,46.9,1
2024-02-03 08:00:00,215.36,25.0,45.3,0
2024-02-03 09:00:00,199.5,25.3,58.6,1
2024-02-03 10:00:00,156.8,19.6,43.3,0
2024-02-03 11:00:00,86.86,18.3,62.8,0
2024-02-03 12:00:00,92.71,15.5,64.0,0
2024-02-03 13:00:00,101.83,14.3,61.7,0
2024-02-03 14:00:00,74.21,10.4,66.1,0
2024-02-03 15:00:00,117.84,6.5,68.0,0
2024-02-03 16:00:00,147.46,4.8,71.2,0
2024-02-03 17:00:00,228.49,4.5,72.7,0
2024-02-03 18:00:00,216.22,6.1,80.8,0
2024-02-03 19:00:00,243.62,3.4,70.1,0
2024-02-03 20:00:00,195.14,9.1,86.0,0
2024-02-03 21:00:00,209.12,6.4,63.6,0
2024-02-03 22:00:00,176.73,13.8,58.1,0
2024-02-03 23:00:00,82.86,13.2,64.8,0
2024-02-04 00:00:00,100.11,16.7,59.0,0
2024-02-04 01:00:00,100.47,19.6,64.4,0
2024-02-04 02:00:00,105.2,19.4,57.3,0
2024-02-04 03:00:00,102.85,22.0,51.0,0
2024-02-04 04:00:00,150.7,26.3,45.9,0
2024-02-04 05:00:00,143.42,25.4,48.9,1
2024-02-04 06:00:00,144.67,25.4,44.8,0
2024-02-04 07:00:00,181.13,23.8,51.9,0
2024-02-04 08:00:00,157.33,21.6,46.4,0
2024-02-04 09:00:00,160.56,23.0,49.2,0
2024-02-04 10:00:00,161.42,16.9,57.1,0
2024-02-04 11:00:00,93.33,22.3,62.5,0
2024-02-04 12:00:00,83.76,18.0,59.6,0
2024-02-04 13:00:00,97.39,15.3,70.3,0
2024-02-04 14:00:00,103.98,13.5,72.7,0
2024-02-04 15:00:00,94.02,9.3,70.0,0
2024-02-04 16:00:00,157.53,4.1,73.6,0
2024-02-04 17:00:00,194.52,7.2,75.7,0
2024-02-04 18:00:00,244.74,5.2,78.9,0
2024-02-04 19:00:00,209.05,6.4,70.9,0
2024-02-04 20:00:00,215.43,7.3,80.1,0
2024-02-04 21:00:00,226.12,6.8,73.4,0
2024-02-04 22:00:00,191.29,12.7,55.1,0
2024-02-04 23:00:00,93.46,13.6,63.7,1
2024-02-05 00:00:00,109.81,16.2,59.1,0
2024-02-05 01:00:00,124.53,16.1,56.4,0
2024-02-05 02:00:00,113.74,20.8,59.9,0
2024-02-05 03:00:00,127.72,22.3,46.3,0
2024-02-05 04:00:00,152.25,23.7,47.4,0
2024-02-05 05:00:00,144.54,22.7,41.4,0
2024-02-05 06:00:00,107.69,21.0,42.6,0
2024-02-05 07:00:00,233.25,24.8,45.2,0
2024-02-05 08:00:00,290.03,26.6,52.4,0
2024-02-05 09:00:00,209.05,22.6,42.3,0
2024-02-05 10:00:00,192.4,19.7,48.6,0
2024-02-05 11:00:00,110.08,14.8,55.4,0
2024-02-05 12:00:00,128.77,18.9,59.4,0
2024-02-05 13:00:00,130.75,13.9,62.3,0
2024-02-05 14:00:00,91.83,10.2,57.9,1
2024-02-05 15:00:00,132.4,8.6,77.6,0
2024-02-05 16:00:00,164.37,6.4,79.8,0
2024-02-05 17:00:00,293.79,4.3,68.6,0
2024-02-05 18:00:00,279.82,6.5,72.2,0
2024-02-05 19:00:00,292.8,4.8,79.9,0
2024-02-05 20:00:00,304.84,4.1,78.8,0
2024-02-05 21:00:00,228.46,9.4,70.8,0
2024-02-05 22:00:00,223.13,12.9,66.7,0
2024-02-05 23:00:00,93.7,13.6,61.7,1
2024-02-06 00:00:00,122.79,14.5,59.3,0
2024-02-06 01:00:00,128.99,17.3,60.4,0
2024-02-06 02:00:00,126.19,21.9,48.8,0
2024-02-06 03:00:00,156.91,23.3,44.8,0
2024-02-06 04:00:00,166.85,23.7,52.4,0
2024-02-06 05:00:00,189.69,26.0,50.7,0
2024-02-06 06:00:00,214.29,27.6,43.6,0
2024-02-06 07:00:00,176.6,24.0,45.8,1
2024-02-06 08:00:00,257.94,24.8,49.9,0
2024-02-06 09:00:00,193.45,20.3,56.6,0
2024-02-06 10:00:00,203.1,18.5,53.9,0
2024-02-06 11:00:00,135.94,16.3,49.6,0
2024-02-06 12:00:00,132.52,14.9,63.7,0
2024-02-06 13:00:00,90.47,10.1,60.4,1
2024-02-06 14:00:00,134.57,11.9,70.0,0
2024-02-06 15:00:00,118.05,10.7,66.7,0
2024-02-06 16:00:00,131.05,5.7,68.1,1
2024-02-06 17:00:00,274.83,6.9,68.8,0
2024-02-06 18:00:00,273.48,5.1,78.9,0
2024-02-06 19:00:00,274.33,6.9,74.2,0
2024-02-06 20:00:00,265.0,6.5,67.3,0
2024-02-06 21:00:00,239.29,9.7,74.3,0
2024-02-06 22:00:00,275.73,6.7,62.1,0
2024-02-06 23:00:00,117.9,13.8,57.4,0
2024-02-07 00:00:00,115.92,18.9,58.0,0
2024-02-07 01:00:00,121.65,20.0,66.5,0
2024-02-07 02:00:00,121.0,19.7,58.7,0
2024-02-07 03:00:00,130.75,19.7,49.6,0
2024-02-07 04:00:00,125.74,24.4,46.8,1
2024-02-07 05:00:00,117.96,23.6,48.4,1
2024-02-07 06:00:00,198.85,26.5,49.3,0
2024-02-07 07:00:00,208.64,23.2,53.5,0
2024-02-07 08:00:00,211.75,23.6,45.4,0
2024-02-07 09:00:00,231.1,24.2,54.0,0
2024-02-07 10:00:00,191.51,18.6,60.5,0
2024-02-07 11:00:00,126.09,18.5,55.2,0
2024-02-07 12:00:00,144.54,13.8,63.6,0
2024-02-07 13:00:00,96.32,11.0,62.3,1
2024-02-07 14:00:00,123.5,11.2,62.8,0
2024-02-07 15:00:00,129.87,8.5,74.6,0
2024-02-07 16:00:00,156.47,6.9,74.1,0
2024-02-07 17:00:00,322.11,2.1,74.4,0
2024-02-07 18:00:00,305.62,3.9,71.4,0
2024-02-07 19:00:00,293.26,3.9,79.2,0
2024-02-07 20:00:00,265.48,6.9,67.4,0
2024-02-07 21:00:00,266.06,7.4,74.9,0
2024-02-07 22:00:00,222.12,14.0,70.2,0
2024-02-07 23:00:00,94.69,10.4,68.5,1
2024-02-08 00:00:00,116.1,16.3,58.5,0
2024-02-08 01:00:00,109.48,19.6,57.8,0
2024-02-08 02:00:00,122.77,20.7,53.4,0
2024-02-08 03:00:00,132.48,20.0,50.0,0
2024-02-08 04:00:00,179.91,25.6,45.9,0
2024-02-08 05:00:00,108.45,20.5,42.8,0
2024-02-08 06:00:00,221.7,28.1,48.6,0
2024-02-08 07:00:00,257.46,25.7,50.6,0
2024-02-08 08:00:00,204.84,23.0,37.0,0
2024-02-08 09:00:00,233.22,23.5,51.0,0
2024-02-08 10:00:00,216.93,18.5,50.4,0
2024-02-08 11:00:00,122.8,17.3,60.0,0
2024-02-08 12:00:00,113.73,16.6,64.9,0
2024-02-08 13:00:00,119.71,12.4,55.8,0
2024-02-08 14:00:00,143.7,7.6,68.0,0
2024-02-08 15:00:00,99.14,10.7,63.2,1
2024-02-08 16:00:00,119.97,10.2,80.6,0
2024-02-08 17:00:00,322.97,2.5,82.2,0
2024-02-08 18:00:00,263.94,6.5,76.2,0
2024-02-08 19:00:00,344.93,1.8,66.9,0
2024-02-08 20:00:00,301.04,2.7,79.3,0
2024-02-08 21:00:00,241.9,10.5,76.1,0
2024-02-08 22:00:00,242.59,8.8,67.5,0
2024-02-08 23:00:00,121.43,11.1,69.3,0
2024-02-09 00:00:00,122.04,15.9,55.0,0
2024-02-09 01:00:00,134.23,18.9,54.6,0
2024-02-09 02:00:00,106.09,21.3,51.3,0
2024-02-09 03:00:00,148.92,23.4,52.5,0
2024-02-09 04:00:00,107.77,23.3,49.3,1
2024-02-09 05:00:00,201.76,26.1,37.5,0
2024-02-09 06:00:00,229.91,27.6,48.9,0
2024-02-09 07:00:00,231.59,23.4,42.9,0
2024-02-09 08:00:00,255.13,24.7,52.2,0
2024-02-09 09:00:00,186.53,17.9,48.8,0
2024-02-09 10:00:00,193.54,19.4,49.8,0
2024-02-09 11:00:00,126.0,20.4,47.6,0
2024-02-09 12:00:00,135.4,20.0,60.2,0
2024-02-09 13:00:00,108.17,10.8,62.6,0
2024-02-09 14:00:00,138.59,10.6,63.8,0
2024-02-09 15:00:00,159.4,7.9,65.9,0
2024-02-09 16:00:00,164.9,6.6,81.4,0
2024-02-09 17:00:00,263.02,5.5,72.4,0
2024-02-09 18:00:00,314.1,4.1,70.7,0
2024-02-09 19:00:00,303.66,4.2,68.4,0
2024-02-09 20:00:00,287.46,5.3,68.4,0
2024-02-09 21:00:00,239.84,12.3,65.5,0
2024-02-09 22:00:00,230.6,10.3,63.4,0
2024-02-09 23:00:00,117.77,13.7,75.4,0
2024-02-10 00:00:00,80.14,14.2,56.5,0
2024-02-10 01:00:00,98.59,18.8,63.2,0
2024-02-10 02:00:00,101.22,21.3,51.6,0
2024-02-10 03:00:00,103.53,21.3,49.6,0
2024-02-10 04:00:00,102.43,18.0,49.4,0
2024-02-10 05:00:00,132.22,25.2,40.4,0
2024-02-10 06:00:00,137.67,25.3,42.8,0
2024-02-10 07:00:00,206.93,25.2,47.4,0
2024-02-10 08:00:00,155.39,22.7,48.4,1
2024-02-10 09:00:00,158.68,20.9,54.5,0
2024-02-10 10:00:00,167.56,17.5,46.6,0
2024-02-10 11:00:00,79.53,16.9,48.2,0
2024-02-10 12:00:00,108.99,14.9,61.6,0
2024-02-10 13:00:00,104.42,10.5,65.6,0
2024-02-10 14:00:00,107.81,14.0,66.7,0
2024-02-10 15:00:00,119.99,7.7,63.4,0
2024-02-10 16:00:00,138.89,5.0,76.1,0
2024-02-10 17:00:00,237.37,2.8,74.6,0
2024-02-10 18:00:00,240.99,2.8,74.6,0
2024-02-10 19:00:00,243.87,4.9,81.8,0
2024-02-10 20:00:00,245.7,3.9,76.4,1
2024-02-10 21:00:00,184.21,9.8,73.1,0
2024-02-10 22:00:00,200.3,7.4,69.7,0
2024-02-10 23:00:00,91.56,12.7,59.5,0
2024-02-11 00:00:00,86.88,12.8,61.9,0
2024-02-11 01:00:00,100.78,17.7,56.1,0
2024-02-11 02:00:00,99.32,19.2,50.2,0
2024-02-11 03:00:00,89.94,19.0,53.2,0
2024-02-11 04:00:00,102.89,23.5,44.8,0
2024-02-11 05:00:00,125.86,23.9,45.0,0
2024-02-11 06:00:00,152.86,25.7,45.9,0
2024-02-11 07:00:00,228.02,26.4,46.3,0
2024-02-11 08:00:00,158.18,21.6,38.1,0
2024-02-11 09:00:00,156.64,22.0,50.1,0
2024-02-11 10:00:00,148.91,19.3,59.2,0
2024-02-11 11:00:00,107.62,19.5,57.8,0
2024-02-11 12:00:00,109.4,13.3,60.9,0
2024-02-11 13:00:00,108.36,12.6,68.7,1
2024-02-11 14:00:00,114.54,12.0,64.2,0
2024-02-11 15:00:00,156.56,4.1,77.7,0
2024-02-11 16:00:00,103.9,8.4,84.3,0
2024-02-11 17:00:00,217.95,6.0,74.6,0
2024-02-11 18:00:00,202.52,6.8,76.1,0
2024-02-11 19:00:00,219.47,7.8,75.6,0
2024-02-11 20:00:00,189.75,6.9,71.4,0
2024-02-11 21:00:00,202.46,8.0,70.6,0
2024-02-11 22:00:00,176.69,9.8,78.8,0
2024-02-11 23:00:00,100.79,11.8,63.5,0
2024-02-12 00:00:00,95.93,17.0,47.4,0
2024-02-12 01:00:00,127.97,18.5,58.3,0
2024-02-12 02:00:00,147.96,22.6,49.5,0
2024-02-12 03:00:00,148.86,23.3,43.9,0
2024-02-12 04:00:00,118.58,21.9,53.5,0
2024-02-12 05:00:00,172.18,25.1,49.1,0
2024-02-12 06:00:00,152.4,26.0,54.5,1
2024-02-12 07:00:00,199.69,19.6,45.3,0
2024-02-12 08:00:00,263.85,25.5,53.3,0
2024-02-12 09:00:00,211.14,22.1,48.5,0
2024-02-12 10:00:00,184.58,17.7,46.0,0
2024-02-12 11:00:00,139.68,18.9,47.7,0
2024-02-12 12:00:00,131.24,13.1,63.2,0
2024-02-12 13:00:00,115.1,13.7,62.2,0
2024-02-12 14:00:00,160.54,8.1,74.6,0
2024-02-12 15:00:00,131.49,7.8,81.1,0
2024-02-12 16:00:00,148.49,8.1,69.7,0
2024-02-12 17:00:00,262.5,5.7,69.7,0
2024-02-12 18:00:00,249.39,7.4,78.9,0
2024-02-12 19:00:00,282.98,6.0,75.1,0
2024-02-12 20:00:00,297.34,5.7,78.8,0
2024-02-12 21:00:00,209.04,10.8,69.6,0
2024-02-12 22:00:00,228.36,13.5,75.0,0
2024-02-12 23:00:00,122.11,14.3,61.0,0
2024-02-13 00:00:00,109.32,13.5,57.5,0
2024-02-13 01:00:00,109.79,18.8,54.5,0
2024-02-13 02:00:00,142.64,22.7,45.2,0
2024-02-13 03:00:00,152.64,23.4,45.1,0
2024-02-13 04:00:00,232.05,29.0,56.7,0
2024-02-13 05:00:00,121.14,20.9,52.6,0
2024-02-13 06:00:00,175.66,24.8,47.3,0
2024-02-13 07:00:00,334.36,29.6,44.7,0
2024-02-13 08:00:00,276.55,25.3,51.1,0
2024-02-13 09:00:00,188.49,22.2,54.5,0
2024-02-13 10:00:00,179.56,15.5,52.4,1
2024-02-13 11:00:00,130.69,20.0,64.1,0
2024-02-13 12:00:00,106.64,12.1,56.5,0
2024-02-13 13:00:00,123.7,15.2,68.5,0
2024-02-13 14:00:00,124.51,9.7,68.5,0
2024-02-13 15:00:00,124.25,8.2,71.7,0
2024-02-13 16:00:00,176.93,4.9,79.6,0
2024-02-13 17:00:00,280.8,4.8,70.5,0
2024-02-13 18:00:00,280.77,6.4,76.4,0
2024-02-13 19:00:00,268.09,6.0,77.2,0
2024-02-13 20:00:00,208.31,7.4,71.3,1
2024-02-13 21:00:00,238.0,9.0,72.5,0
2024-02-13 22:00:00,262.47,7.3,70.0,0
2024-02-13 23:00:00,127.89,12.5,65.0,0
2024-02-14 00:00:00,120.4,15.9,60.0,0
2024-02-14 01:00:00,129.87,17.6,59.1,0
2024-02-14 02:00:00,127.58,17.9,49.7,0
2024-02-14 03:00:00,125.13,22.1,38.7,0
2024-02-14 04:00:00,173.78,25.0,48.8,0
2024-02-14 05:00:00,209.25,26.5,38.2,0
2024-02-14 06:00:00,201.55,26.5,43.2,0
2024-02-14 07:00:00,237.4,24.0,46.8,0
2024-02-14 08:00:00,247.51,24.9,44.5,0
2024-02-14 09:00:00,239.9,24.2,49.1,0
2024-02-14 10:00:00,176.01,18.3,52.8,0
2024-02-14 11:00:00,99.94,18.5,61.5,0
2024-02-14 12:00:00,128.59,13.5,51.1,0
2024-02-14 13:00:00,104.15,10.1,62.3,0
2024-02-14 14:00:00,137.24,7.4,63.4,0
2024-02-14 15:00:00,175.94,5.1,74.0,0
2024-02-14 16:00:00,180.88,5.9,70.0,0
2024-02-14 17:00:00,307.66,3.0,70.2,0
2024-02-14 18:00:00,300.98,3.9,72.4,0
2024-02-14 19:00:00,282.3,6.4,78.2,0
2024-02-14 20:00:00,275.3,5.6,76.0,0
2024-02-14 21:00:00,287.85,6.5,76.5,0
2024-02-14 22:00:00,229.12,9.5,70.7,0
2024-02-14 23:00:00,118.47,13.6,60.3,0
2024-02-15 00:00:00,108.36,14.5,54.7,0
2024-02-15 01:00:00,125.85,19.2,56.3,0
2024-02-15 02:00:00,124.63,19.5,56.6,0
2024-02-15 03:00:00,174.45,24.8,50.0,0
2024-02-15 04:00:00,249.44,28.5,47.5,0
2024-02-15 05:00:00,146.98,23.2,46.4,0
2024-02-15 06:00:00,158.17,24.0,43.9,0
2024-02-15 07:00:00,191.5,21.8,48.4,0
2024-02-15 08:00:00,201.43,19.5,43.2,0
2024-02-15 09:00:00,202.79,25.6,46.2,1
2024-02-15 10:00:00,192.18,18.3,59.9,0
2024-02-15 11:00:00,112.82,19.9,53.6,0
2024-02-15 12:00:00,131.62,19.6,62.9,0
2024-02-15 13:00:00,117.02,15.7,67.5,0
2024-02-15 14:00:00,125.06,8.8,63.7,0
2024-02-15 15:00:00,108.45,10.0,66.4,0
2024-02-15 16:00:00,179.67,4.5,71.4,0
2024-02-15 17:00:00,333.68,3.4,72.0,0
2024-02-15 18:00:00,292.69,5.7,82.4,0
2024-02-15 19:00:00,246.05,9.0,62.4,0
2024-02-15 20:00:00,263.68,7.0,68.9,0
2024-02-15 21:00:00,249.85,8.1,67.2,0
2024-02-15 22:00:00,211.13,10.3,64.4,0
2024-02-15 23:00:00,120.19,15.4,61.5,0
2024-02-16 00:00:00,106.93,12.9,63.2,0
2024-02-16 01:00:00,119.07,18.5,60.3,0
2024-02-16 02:00:00,124.96,21.6,44.0,0
2024-02-16 03:00:00,133.09,22.6,50.6,0
2024-02-16 04:00:00,169.83,24.5,47.1,0
2024-02-16 05:00:00,106.2,19.9,41.7,0
2024-02-16 06:00:00,175.45,26.3,50.7,0
2024-02-16 07:00:00,234.26,23.6,44.8,0
2024-02-16 08:00:00,272.44,26.1,51.9,0
2024-02-16 09:00:00,192.41,19.4,48.5,0
2024-02-16 10:00:00,192.57,22.0,49.2,0
2024-02-16 11:00:00,123.52,15.8,56.7,0
2024-02-16 12:00:00,118.27,16.4,65.7,0
2024-02-16 13:00:00,120.41,12.5,61.0,0
2024-02-16 14:00:00,147.41,13.3,61.0,0
2024-02-16 15:00:00,164.87,7.1,65.6,0
2024-02-16 16:00:00,187.85,6.1,83.9,0
2024-02-16 17:00:00,282.05,5.5,74.9,0
2024-02-16 18:00:00,319.74,3.2,76.2,0
2024-02-16 19:00:00,296.22,5.7,70.8,0
2024-02-16 20:00:00,231.06,10.2,69.5,0
2024-02-16 21:00:00,279.44,6.8,78.7,0
2024-02-16 22:00:00,275.63,7.1,81.0,0
2024-02-16 23:00:00,119.02,14.2,60.5,0
2024-02-17 00:00:00,99.58,14.0,62.7,0
2024-02-17 01:00:00,104.77,19.4,51.0,0
2024-02-17 02:00:00,109.81,19.4,49.9,0
2024-02-17 03:00:00,149.42,25.2,53.1,0
2024-02-17 04:00:00,132.44,24.2,44.8,0
2024-02-17 05:00:00,96.86,21.4,45.1,0
2024-02-17 06:00:00,210.59,28.7,51.4,0
2024-02-17 07:00:00,214.74,25.2,45.1,0
2024-02-17 08:00:00,189.05,24.3,44.5,0
2024-02-17 09:00:00,186.08,23.1,55.8,0
2024-02-17 10:00:00,155.27,19.8,54.7,0
2024-02-17 11:00:00,107.44,20.9,54.5,0
2024-02-17 12:00:00,96.34,15.6,56.7,0
2024-02-17 13:00:00,111.16,12.1,62.6,0
2024-02-17 14:00:00,115.01,8.2,55.8,0
2024-02-17 15:00:00,110.12,8.3,70.1,0
2024-02-17 16:00:00,146.01,6.9,67.5,0
2024-02-17 17:00:00,218.8,5.2,72.9,0
2024-02-17 18:00:00,237.32,3.8,66.3,0
2024-02-17 19:00:00,217.42,6.7,72.8,0
2024-02-17 20:00:00,180.56,8.9,65.1,0
2024-02-17 21:00:00,206.0,7.9,76.0,0
2024-02-17 22:00:00,225.12,4.2,70.5,0
2024-02-17 23:00:00,89.97,16.0,65.6,0
2024-02-18 00:00:00,100.82,13.1,65.0,0
2024-02-18 01:00:00,97.64,15.0,60.4,0
2024-02-18 02:00:00,97.97,21.8,54.9,0
2024-02-18 03:00:00,131.1,25.2,54.7,0
2024-02-18 04:00:00,101.28,22.1,42.1,0
2024-02-18 05:00:00,113.85,23.8,42.0,0
2024-02-18 06:00:00,115.45,23.9,38.2,0
2024-02-18 07:00:00,162.19,22.5,51.1,0
2024-02-18 08:00:00,158.91,21.9,44.3,0
2024-02-18 09:00:00,166.18,22.5,45.6,0
2024-02-18 10:00:00,175.2,18.4,58.7,0
2024-02-18 11:00:00,93.02,17.4,50.2,0
2024-02-18 12:00:00,84.48,18.4,65.5,0
2024-02-18 13:00:00,100.99,11.9,62.0,0
2024-02-18 14:00:00,85.79,11.5,60.5,0
2024-02-18 15:00:00,109.12,7.5,72.1,0
2024-02-18 16:00:00,135.12,6.1,77.7,0
2024-02-18 17:00:00,196.82,7.7,75.5,0
2024-02-18 18:00:00,242.12,3.6,70.5,0
2024-02-18 19:00:00,258.23,1.6,72.7,0
2024-02-18 20:00:00,235.94,4.0,76.5,0
2024-02-18 21:00:00,203.11,8.3,73.7,0
2024-02-18 22:00:00,167.01,11.9,72.9,0
2024-02-18 23:00:00,83.1,14.5,55.2,0
2024-02-19 00:00:00,121.25,13.8,57.9,0
2024-02-19 01:00:00,106.72,13.5,52.4,0
2024-02-19 02:00:00,107.7,14.6,52.6,0
2024-02-19 03:00:00,127.73,22.1,46.7,0
2024-02-19 04:00:00,216.43,27.2,52.2,0
2024-02-19 05:00:00,202.27,27.4,43.8,0
2024-02-19 06:00:00,128.37,22.5,42.3,0
2024-02-19 07:00:00,344.47,29.2,46.0,0
2024-02-19 08:00:00,284.58,26.1,44.6,0
2024-02-19 09:00:00,225.82,23.0,52.7,0
2024-02-19 10:00:00,204.65,20.0,51.3,0
2024-02-19 11:00:00,130.45,19.2,62.9,0
2024-02-19 12:00:00,104.36,13.2,56.1,0
2024-02-19 13:00:00,113.2,16.0,64.2,0
2024-02-19 14:00:00,102.34,12.6,58.2,1
2024-02-19 15:00:00,129.39,8.8,70.3,0
2024-02-19 16:00:00,165.54,5.6,68.4,0
2024-02-19 17:00:00,289.61,5.2,76.1,0
2024-02-19 18:00:00,258.04,8.2,74.5,0
2024-02-19 19:00:00,300.73,4.2,73.8,0
2024-02-19 20:00:00,310.73,4.1,73.6,0
2024-02-19 21:00:00,202.34,7.1,68.0,1
2024-02-19 22:00:00,275.78,6.3,61.7,0
2024-02-19 23:00:00,125.79,13.7,56.5,0
2024-02-20 00:00:00,129.5,13.8,49.8,0
2024-02-20 01:00:00,117.15,15.6,62.1,0
2024-02-20 02:00:00,130.95,17.7,60.5,0
2024-02-20 03:00:00,177.96,24.8,51.4,0
2024-02-20 04:00:00,119.22,21.0,53.0,0
2024-02-20 05:00:00,175.3,25.3,48.4,0
2024-02-20 06:00:00,146.04,22.6,38.0,0
2024-02-20 07:00:00,209.77,21.6,47.4,0
2024-02-20 08:00:00,210.11,21.7,41.0,0
2024-02-20 09:00:00,154.58,21.6,53.4,1
2024-02-20 10:00:00,192.42,19.8,49.8,0
2024-02-20 11:00:00,125.93,17.6,53.1,0
2024-02-20 12:00:00,120.4,12.6,57.6,0
2024-02-20 13:00:00,110.35,13.3,63.8,0
2024-02-20 14:00:00,82.0,13.0,58.6,1
2024-02-20 15:00:00,142.74,8.0,66.7,0
2024-02-20 16:00:00,142.15,7.4,79.9,0
2024-02-20 17:00:00,310.87,4.2,73.8,0
2024-02-20 18:00:00,376.72,-1.3,68.9,0
2024-02-20 19:00:00,272.51,5.3,69.8,0
2024-02-20 20:00:00,293.84,5.4,70.5,0
2024-02-20 21:00:00,275.5,7.2,75.9,0
2024-02-20 22:00:00,241.24,10.4,70.5,0
2024-02-20 23:00:00,109.9,11.8,65.9,0
2024-02-21 00:00:00,108.59,17.1,66.3,0
2024-02-21 01:00:00,122.89,16.9,61.9,0
2024-02-21 02:00:00,106.0,21.3,52.3,0
2024-02-21 03:00:00,128.17,23.4,51.9,0
2024-02-21 04:00:00,115.97,21.6,48.2,0
2024-02-21 05:00:00,134.41,20.4,41.6,0
2024-02-21 06:00:00,174.08,24.4,44.2,0
2024-02-21 07:00:00,323.17,29.2,42.2,0
2024-02-21 08:00:00,253.44,25.1,43.1,0
2024-02-21 09:00:00,207.56,21.1,57.2,0
2024-02-21 10:00:00,206.23,19.0,58.1,0
2024-02-21 11:00:00,131.1,17.9,59.4,0
2024-02-21 12:00:00,122.07,13.7,49.3,0
2024-02-21 13:00:00,121.92,15.3,66.5,0
2024-02-21 14:00:00,128.71,8.5,62.8,0
2024-02-21 15:00:00,149.05,7.6,65.5,0
2024-02-21 16:00:00,160.13,7.7,67.8,0
2024-02-21 17:00:00,307.7,3.2,85.4,0
2024-02-21 18:00:00,274.87,5.9,83.1,0
2024-02-21 19:00:00,293.52,4.9,62.6,0
2024-02-21 20:00:00,293.04,5.8,63.9,0
2024-02-21 21:00:00,235.11,9.3,68.4,0
2024-02-21 22:00:00,225.93,11.8,69.0,0
2024-02-21 23:00:00,124.42,9.4,62.7,0
2024-02-22 00:00:00,114.61,13.0,54.2,0
2024-02-22 01:00:00,121.64,16.0,57.6,0
2024-02-22 02:00:00,156.08,23.5,54.9,0
2024-02-22 03:00:00,107.11,21.1,53.7,0
2024-02-22 04:00:00,122.41,20.4,35.2,0
2024-02-22 05:00:00,161.43,24.4,45.4,0
2024-02-22 06:00:00,135.73,23.2,38.9,0
2024-02-22 07:00:00,299.12,28.0,51.6,0
2024-02-22 08:00:00,273.05,26.2,47.1,0
2024-02-22 09:00:00,190.18,21.8,47.5,0
2024-02-22 10:00:00,204.66,19.4,46.2,0
2024-02-22 11:00:00,128.89,17.5,59.6,0
2024-02-22 12:00:00,119.3,12.9,61.5,0
2024-02-22 13:00:00,119.92,15.6,67.2,0
2024-02-22 14:00:00,106.2,9.2,58.0,1
2024-02-22 15:00:00,145.05,8.3,60.4,0
2024-02-22 16:00:00,129.28,8.1,74.5,0
2024-02-22 17:00:00,284.9,5.1,78.2,0
2024-02-22 18:00:00,286.42,6.3,77.7,0
2024-02-22 19:00:00,266.24,7.0,84.3,0
2024-02-22 20:00:00,290.09,6.0,70.9,0
2024-02-22 21:00:00,229.94,9.4,64.8,0
2024-02-22 22:00:00,238.09,11.1,65.8,0
2024-02-22 23:00:00,112.3,9.8,69.9,0
2024-02-23 00:00:00,130.73,18.7,60.5,0
2024-02-23 01:00:00,130.58,19.7,59.3,0
2024-02-23 02:00:00,130.28,20.0,57.2,0
2024-02-23 03:00:00,118.4,22.1,43.6,0
2024-02-23 04:00:00,171.38,24.6,50.0,0
2024-02-23 05:00:00,168.39,24.0,39.4,0
2024-02-23 06:00:00,184.47,25.3,36.6,0
2024-02-23 07:00:00,319.85,28.2,38.0,0
2024-02-23 08:00:00,295.99,26.8,38.5,0
2024-02-23 09:00:00,179.15,22.1,36.1,0
2024-02-23 10:00:00,186.22,19.6,52.3,0
2024-02-23 11:00:00,131.69,16.3,59.1,0
2024-02-23 12:00:00,115.94,13.5,64.3,0
2024-02-23 13:00:00,96.17,12.3,68.5,0
2024-02-23 14:00:00,120.93,9.5,61.2,0
2024-02-23 15:00:00,121.79,9.2,73.0,0
2024-02-23 16:00:00,188.48,2.8,78.4,0
2024-02-23 17:00:00,224.62,7.6,65.1,1
2024-02-23 18:00:00,281.68,6.2,79.6,0
2024-02-23 19:00:00,268.48,5.7,65.8,0
2024-02-23 20:00:00,309.14,2.2,74.5,0
2024-02-23 21:00:00,235.68,9.8,63.0,0
2024-02-23 22:00:00,252.03,7.8,77.0,0
2024-02-23 23:00:00,124.73,10.7,62.4,0
2024-02-24 00:00:00,96.79,16.2,51.5,0
2024-02-24 01:00:00,99.37,17.7,59.8,0
2024-02-24 02:00:00,87.08,21.4,47.8,0
2024-02-24 03:00:00,97.06,19.9,55.2,0
2024-02-24 04:00:00,164.91,27.0,53.1,0
2024-02-24 05:00:00,132.07,24.3,48.0,0
2024-02-24 06:00:00,172.47,27.5,36.7,0
2024-02-24 07:00:00,224.31,26.4,41.0,0
2024-02-24 08:00:00,190.04,24.8,44.8,0
2024-02-24 09:00:00,171.03,21.0,43.5,0
2024-02-24 10:00:00,154.38,19.3,59.4,0
2024-02-24 11:00:00,77.33,18.6,56.8,0
2024-02-24 12:00:00,106.78,19.3,57.9,0
2024-02-24 13:00:00,105.04,10.4,64.3,0
2024-02-24 14:00:00,97.46,11.9,63.2,0
2024-02-24 15:00:00,106.25,8.4,70.9,0
2024-02-24 16:00:00,110.99,6.8,77.8,0
2024-02-24 17:00:00,262.95,1.9,74.8,0
2024-02-24 18:00:00,230.93,5.1,80.8,0
2024-02-24 19:00:00,261.26,3.0,78.6,0
2024-02-24 20:00:00,215.7,7.3,74.5,0
2024-02-24 21:00:00,197.13,8.5,73.8,0
2024-02-24 22:00:00,212.6,6.1,56.2,0
2024-02-24 23:00:00,112.33,10.9,75.7,0
2024-02-25 00:00:00,83.23,16.1,52.4,0
2024-02-25 01:00:00,99.23,16.1,52.0,0
2024-02-25 02:00:00,103.88,22.1,47.5,0
2024-02-25 03:00:00,96.19,21.9,58.4,0
2024-02-25 04:00:00,109.6,24.2,46.1,0
2024-02-25 05:00:00,135.55,24.8,53.6,0
2024-02-25 06:00:00,150.69,26.3,43.9,0
2024-02-25 07:00:00,148.28,20.0,47.8,0
2024-02-25 08:00:00,235.22,27.3,49.8,0
2024-02-25 09:00:00,172.99,24.2,47.0,0
2024-02-25 10:00:00,168.92,21.1,52.7,0
2024-02-25 11:00:00,104.22,16.9,57.5,0
2024-02-25 12:00:00,83.29,16.0,67.9,0
2024-02-25 13:00:00,97.78,11.6,60.8,0
2024-02-25 14:00:00,121.08,7.0,75.2,0
2024-02-25 15:00:00,113.74,9.0,65.3,0
2024-02-25 16:00:00,155.45,3.8,73.4,0
2024-02-25 17:00:00,224.76,4.9,78.7,0
2024-02-25 18:00:00,193.58,7.8,68.0,0
2024-02-25 19:00:00,224.44,7.3,70.6,0
2024-02-25 20:00:00,227.95,7.7,63.2,0
2024-02-25 21:00:00,218.49,6.2,71.7,0
2024-02-25 22:00:00,217.65,6.8,65.3,0
2024-02-25 23:00:00,96.11,10.1,56.2,0
2024-02-26 00:00:00,112.08,13.8,52.9,0
2024-02-26 01:00:00,120.94,18.6,60.8,0
2024-02-26 02:00:00,125.5,17.2,50.9,0
2024-02-26 03:00:00,162.9,23.6,47.6,0
2024-02-26 04:00:00,127.48,21.7,53.6,0
2024-02-26 05:00:00,185.8,26.2,49.7,0
2024-02-26 06:00:00,185.93,25.5,50.0,0
2024-02-26 07:00:00,236.13,24.3,45.0,0
2024-02-26 08:00:00,226.64,22.2,41.2,0
2024-02-26 09:00:00,239.95,24.1,50.6,0
2024-02-26 10:00:00,196.8,15.5,53.3,0
2024-02-26 11:00:00,119.2,17.1,47.7,0
2024-02-26 12:00:00,119.52,13.3,56.7,0
2024-02-26 13:00:00,107.59,15.9,73.8,0
2024-02-26 14:00:00,110.57,11.3,73.9,0
2024-02-26 15:00:00,167.35,6.4,62.6,0
2024-02-26 16:00:00,131.9,9.2,71.5,0
2024-02-26 17:00:00,263.56,8.8,66.3,0
2024-02-26 18:00:00,275.58,5.1,74.1,0
2024-02-26 19:00:00,255.16,8.0,70.3,0
2024-02-26 20:00:00,261.85,7.3,68.3,0
2024-02-26 21:00:00,283.38,4.8,67.3,0
2024-02-26 22:00:00,247.92,8.9,62.7,0
2024-02-26 23:00:00,129.01,13.9,59.4,0
2024-02-27 00:00:00,118.14,14.6,67.0,0
2024-02-27 01:00:00,120.1,18.2,53.5,0
2024-02-27 02:00:00,125.86,19.6,55.1,0
2024-02-27 03:00:00,123.29,20.0,45.7,0
2024-02-27 04:00:00,188.41,25.5,55.2,0
2024-02-27 05:00:00,184.98,24.7,43.9,0
2024-02-27 06:00:00,245.41,28.2,52.6,0
2024-02-27 07:00:00,214.49,22.5,35.6,0
2024-02-27 08:00:00,215.56,23.3,43.4,0
2024-02-27 09:00:00,212.07,20.6,52.2,0
2024-02-27 10:00:00,194.07,18.9,57.4,0
2024-02-27 11:00:00,111.13,20.8,59.3,0
2024-02-27 12:00:00,105.42,16.2,55.3,0
2024-02-27 13:00:00,111.82,14.1,65.8,0
2024-02-27 14:00:00,134.22,10.8,69.9,0
2024-02-27 15:00:00,191.96,4.2,66.6,0
2024-02-27 16:00:00,212.16,2.3,71.0,0
2024-02-27 17:00:00,312.75,1.4,79.9,0
2024-02-27 18:00:00,278.27,5.2,69.1,0
2024-02-27 19:00:00,240.64,7.5,74.5,0
2024-02-27 20:00:00,261.14,8.6,76.9,0
2024-02-27 21:00:00,274.14,6.8,60.4,0
2024-02-27 22:00:00,241.89,10.7,74.5,0
2024-02-27 23:00:00,131.01,12.4,65.9,0
2024-02-28 00:00:00,122.78,12.9,64.1,0
2024-02-28 01:00:00,127.01,17.3,50.2,0
2024-02-28 02:00:00,103.61,19.5,36.7,0
2024-02-28 03:00:00,122.08,22.3,45.9,0
2024-02-28 04:00:00,110.35,22.4,49.5,0
2024-02-28 05:00:00,154.97,23.7,50.5,0
2024-02-28 06:00:00,170.35,24.9,47.9,0
2024-02-28 07:00:00,249.13,25.0,52.5,0
2024-02-28 08:00:00,235.74,23.9,48.7,0
2024-02-28 09:00:00,203.55,22.2,55.1,0
2024-02-28 10:00:00,195.62,14.8,59.2,0
2024-02-28 11:00:00,123.22,19.7,56.7,0
2024-02-28 12:00:00,137.63,14.1,66.6,0
2024-02-28 13:00:00,107.44,13.8,64.8,0
2024-02-28 14:00:00,118.38,11.7,69.6,0
2024-02-28 15:00:00,115.27,9.6,74.9,0
2024-02-28 16:00:00,144.09,7.8,73.8,0
2024-02-28 17:00:00,277.93,6.1,81.7,0
2024-02-28 18:00:00,309.78,3.1,73.4,0
2024-02-28 19:00:00,262.17,6.7,74.0,0
2024-02-28 20:00:00,250.13,7.8,70.9,0
2024-02-28 21:00:00,320.9,2.8,61.1,0
2024-02-28 22:00:00,216.63,12.2,71.5,0
2024-02-28 23:00:00,136.66,12.5,49.0,0
2024-02-29 00:00:00,129.77,14.1,61.1,0
2024-02-29 01:00:00,131.78,15.1,56.6,0
2024-02-29 02:00:00,123.86,20.5,50.0,0
2024-02-29 03:00:00,154.24,23.9,46.5,0
2024-02-29 04:00:00,136.33,21.9,50.6,0
2024-02-29 05:00:00,162.55,24.4,43.2,0
2024-02-29 06:00:00,145.36,25.6,51.3,1
2024-02-29 07:00:00,233.35,23.5,45.5,0
2024-02-29 08:00:00,182.43,19.5,51.1,0
2024-02-29 09:00:00,201.13,22.0,55.3,0
2024-02-29 10:00:00,216.61,18.5,56.3,0
2024-02-29 11:00:00,80.59,16.4,57.3,1
2024-02-29 12:00:00,121.65,16.7,64.1,0
2024-02-29 13:00:00,131.76,12.6,64.5,0
2024-02-29 14:00:00,127.72,12.4,65.4,0
2024-02-29 15:00:00,122.37,9.7,79.9,0
2024-02-29 16:00:00,180.72,6.0,74.4,0
2024-02-29 17:00:00,281.6,4.4,77.3,0
2024-02-29 18:00:00,312.91,2.6,73.5,0
2024-02-29 19:00:00,256.57,6.9,71.6,0
2024-02-29 20:00:00,242.05,8.2,67.8,0
2024-02-29 21:00:00,274.34,6.2,66.7,0
2024-02-29 22:00:00,171.57,12.7,73.4,1
2024-02-29 23:00:00,122.9,11.3,59.9,0
2024-03-01 00:00:00,117.28,15.4,59.4,0
2024-03-01 01:00:00,123.18,17.8,59.9,0
2024-03-01 02:00:00,134.73,23.3,55.5,0
2024-03-01 03:00:00,142.16,23.5,55.3,0
2024-03-01 04:00:00,117.86,22.9,48.4,0
2024-03-01 05:00:00,127.99,21.5,45.3,0
2024-03-01 06:00:00,142.3,23.7,45.9,0
2024-03-01 07:00:00,241.71,24.1,43.7,0
2024-03-01 08:00:00,272.09,26.1,51.5,0
2024-03-01 09:00:00,220.56,22.9,49.3,0
2024-03-01 10:00:00,199.72,17.8,49.4,0
2024-03-01 11:00:00,121.77,16.3,49.1,0
2024-03-01 12:00:00,101.14,15.5,53.5,0
2024-03-01 13:00:00,114.95,14.5,66.5,0
2024-03-01 14:00:00,160.17,6.1,75.5,0
2024-03-01 15:00:00,128.22,6.4,64.8,1
2024-03-01 16:00:00,174.91,5.5,69.5,0
2024-03-01 17:00:00,248.89,7.7,74.7,0
2024-03-01 18:00:00,287.02,5.8,80.6,0
2024-03-01 19:00:00,275.61,6.5,72.0,0
2024-03-01 20:00:00,280.33,6.2,75.5,0
2024-03-01 21:00:00,259.35,6.9,60.3,0
2024-03-01 22:00:00,271.29,8.6,70.8,0
2024-03-01 23:00:00,115.6,11.1,66.4,0
2024-03-02 00:00:00,83.6,13.4,55.7,0
2024-03-02 01:00:00,88.32,16.5,51.0,0
2024-03-02 02:00:00,83.88,20.7,53.8,0
2024-03-02 03:00:00,105.08,18.9,42.9,0
2024-03-02 04:00:00,132.89,23.7,49.1,1
2024-03-02 05:00:00,107.2,21.1,41.9,0
2024-03-02 06:00:00,148.34,26.0,41.9,0
2024-03-02 07:00:00,184.98,24.0,51.3,0
2024-03-02 08:00:00,167.65,23.9,46.5,0
2024-03-02 09:00:00,222.75,26.1,51.3,0
2024-03-02 10:00:00,160.93,19.9,47.0,0
2024-03-02 11:00:00,106.75,21.2,55.7,0
2024-03-02 12:00:00,129.91,17.7,65.8,0
2024-03-02 13:00:00,107.63,7.9,67.3,0
2024-03-02 14:00:00,96.28,10.3,61.6,0
2024-03-02 15:00:00,110.79,9.2,75.5,0
2024-03-02 16:00:00,149.27,6.2,72.1,0
2024-03-02 17:00:00,248.62,3.6,75.7,1
2024-03-02 18:00:00,186.99,10.3,73.2,0
2024-03-02 19:00:00,188.65,9.2,81.3,0
2024-03-02 20:00:00,203.93,5.6,62.7,0
2024-03-02 21:00:00,185.77,7.2,71.3,1
2024-03-02 22:00:00,186.71,11.9,71.8,0
2024-03-02 23:00:00,86.05,17.2,67.4,0
2024-03-03 00:00:00,84.8,15.6,50.6,0
2024-03-03 01:00:00,81.51,16.1,59.8,0
2024-03-03 02:00:00,110.08,19.3,54.5,0
2024-03-03 03:00:00,127.82,24.5,58.8,0
2024-03-03 04:00:00,104.43,22.6,46.2,0
2024-03-03 05:00:00,119.74,24.4,37.9,0
2024-03-03 06:00:00,149.18,24.4,56.0,0
2024-03-03 07:00:00,196.33,26.3,48.8,0
2024-03-03 08:00:00,221.08,25.8,44.5,0
2024-03-03 09:00:00,163.9,21.5,51.1,0
2024-03-03 10:00:00,150.83,19.7,54.9,0
2024-03-03 11:00:00,85.22,14.2,60.2,0
2024-03-03 12:00:00,95.33,17.1,55.4,0
2024-03-03 13:00:00,125.64,8.6,63.2,0
2024-03-03 14:00:00,105.1,15.2,72.1,0
2024-03-03 15:00:00,131.5,7.4,71.1,0
2024-03-03 16:00:00,134.62,6.3,71.7,0
2024-03-03 17:00:00,225.57,6.7,75.7,0
2024-03-03 18:00:00,220.54,6.1,69.4,0
2024-03-03 19:00:00,220.7,5.4,73.6,0
2024-03-03 20:00:00,220.2,7.0,68.7,0
2024-03-03 21:00:00,230.12,6.1,58.6,0
2024-03-03 22:00:00,176.45,9.9,64.4,0
2024-03-03 23:00:00,84.49,12.4,70.3,0
2024-03-04 00:00:00,136.12,15.0,58.3,0
2024-03-04 01:00:00,106.25,19.2,49.7,0
2024-03-04 02:00:00,101.19,19.7,60.5,0
2024-03-04 03:00:00,94.83,21.8,41.1,0
2024-03-04 04:00:00,163.15,24.1,51.8,0
2024-03-04 05:00:00,132.2,22.7,46.6,0
2024-03-04 06:00:00,134.46,23.2,46.1,0
2024-03-04 07:00:00,231.46,23.5,46.2,0
2024-03-04 08:00:00,265.92,25.6,39.9,0
2024-03-04 09:00:00,158.36,18.0,58.0,1
2024-03-04 10:00:00,199.79,21.9,46.0,0
2024-03-04 11:00:00,125.63,17.0,55.8,0
2024-03-04 12:00:00,121.43,17.1,58.6,0
2024-03-04 13:00:00,123.57,8.8,67.6,0
2024-03-04 14:00:00,123.8,8.4,59.6,0
2024-03-04 15:00:00,149.62,8.0,67.2,0
2024-03-04 16:00:00,204.72,3.6,82.7,0
2024-03-04 17:00:00,254.98,8.7,79.5,0
2024-03-04 18:00:00,283.99,5.6,75.1,0
2024-03-04 19:00:00,252.22,8.2,78.2,0
2024-03-04 20:00:00,273.58,5.9,78.2,0
2024-03-04 21:00:00,233.4,7.7,70.5,0
2024-03-04 22:00:00,229.41,11.0,68.0,0
2024-03-04 23:00:00,100.42,10.9,62.2,0
2024-03-05 00:00:00,125.98,18.5,67.2,0
2024-03-05 01:00:00,121.92,17.2,60.3,0
2024-03-05 02:00:00,125.64,23.1,51.8,0
2024-03-05 03:00:00,191.76,25.8,42.2,0
2024-03-05 04:00:00,198.96,26.1,46.3,0
2024-03-05 05:00:00,203.75,26.6,44.6,0
2024-03-05 06:00:00,170.35,25.8,37.3,0
2024-03-05 07:00:00,262.97,25.6,41.2,0
2024-03-05 08:00:00,188.49,21.7,43.0,0
2024-03-05 09:00:00,210.0,20.2,45.0,0
2024-03-05 10:00:00,205.99,21.5,46.6,0
2024-03-05 11:00:00,142.15,15.2,52.1,0
2024-03-05 12:00:00,124.28,17.5,58.3,0
2024-03-05 13:00:00,111.42,10.6,63.4,0
2024-03-05 14:00:00,150.53,6.9,65.5,0
2024-03-05 15:00:00,133.86,12.2,68.9,0
2024-03-05 16:00:00,195.11,3.6,72.3,0
2024-03-05 17:00:00,262.6,7.7,69.9,0
2024-03-05 18:00:00,326.14,2.7,80.6,0
2024-03-05 19:00:00,261.0,5.8,76.3,0
2024-03-05 20:00:00,265.18,6.4,65.1,0
2024-03-05 21:00:00,216.56,10.4,77.9,0
2024-03-05 22:00:00,228.59,11.0,73.0,0
2024-03-05 23:00:00,134.56,8.8,68.8,0
2024-03-06 00:00:00,150.09,13.0,56.8,0
2024-03-06 01:00:00,116.93,17.9,59.8,0
2024-03-06 02:00:00,118.65,20.8,58.4,0
2024-03-06 03:00:00,179.95,25.4,47.6,0
2024-03-06 04:00:00,127.76,22.2,50.5,0
2024-03-06 05:00:00,157.47,24.1,41.3,0
2024-03-06 06:00:00,220.12,26.9,44.9,0
2024-03-06 07:00:00,190.46,24.0,50.0,1
2024-03-06 08:00:00,229.46,25.7,47.6,1
2024-03-06 09:00:00,244.13,24.1,45.4,0
2024-03-06 10:00:00,210.71,21.9,49.4,0
2024-03-06 11:00:00,118.28,17.9,59.1,0
2024-03-06 12:00:00,117.98,16.3,54.6,0
2024-03-06 13:00:00,125.18,11.1,60.1,0
2024-03-06 14:00:00,120.48,10.4,59.2,0
2024-03-06 15:00:00,108.19,9.8,69.8,0
2024-03-06 16:00:00,132.54,9.7,71.2,0
2024-03-06 17:00:00,308.07,3.4,72.0,0
2024-03-06 18:00:00,292.69,5.0,87.4,0
2024-03-06 19:00:00,270.95,7.4,79.4,0
2024-03-06 20:00:00,255.14,9.2,65.0,0
2024-03-06 21:00:00,281.95,6.2,76.4,0
2024-03-06 22:00:00,254.93,8.0,65.1,0
2024-03-06 23:00:00,123.96,13.6,72.9,0
2024-03-07 00:00:00,119.12,16.6,60.5,0
2024-03-07 01:00:00,122.76,14.0,55.2,0
2024-03-07 02:00:00,129.08,21.7,49.0,0
2024-03-07 03:00:00,124.04,20.6,45.0,0
2024-03-07 04:00:00,127.19,22.6,38.1,0
2024-03-07 05:00:00,209.73,26.8,43.6,0
2024-03-07 06:00:00,148.77,22.7,44.6,0
2024-03-07 07:00:00,205.48,21.5,53.6,0
2024-03-07 08:00:00,258.96,26.1,49.2,0
2024-03-07 09:00:00,184.61,21.8,44.6,0
2024-03-07 10:00:00,194.05,20.0,47.2,0
2024-03-07 11:00:00,106.17,18.8,54.3,1
2024-03-07 12:00:00,110.55,12.8,61.9,0
2024-03-07 13:00:00,128.86,14.5,69.6,0
2024-03-07 14:00:00,123.83,11.2,66.8,0
2024-03-07 15:00:00,131.48,8.8,77.3,0
2024-03-07 16:00:00,166.21,6.0,82.4,0
2024-03-07 17:00:00,289.94,4.4,67.3,0
2024-03-07 18:00:00,224.48,5.1,73.1,1
2024-03-07 19:00:00,335.38,2.8,66.5,0
2024-03-07 20:00:00,290.32,4.2,67.5,0
2024-03-07 21:00:00,268.16,6.3,74.1,0
2024-03-07 22:00:00,253.05,8.3,72.5,0
2024-03-07 23:00:00,110.11,11.2,64.3,0
2024-03-08 00:00:00,117.02,15.5,73.5,0
2024-03-08 01:00:00,116.06,17.5,55.6,0
2024-03-08 02:00:00,122.19,21.0,53.5,0
2024-03-08 03:00:00,165.3,24.1,52.9,0
2024-03-08 04:00:00,136.56,23.3,46.1,0
2024-03-08 05:00:00,181.48,25.0,48.4,0
2024-03-08 06:00:00,170.74,25.4,35.8,0
2024-03-08 07:00:00,237.79,23.3,43.7,0
2024-03-08 08:00:00,278.93,27.0,52.2,0
2024-03-08 09:00:00,204.79,22.1,56.6,0
2024-03-08 10:00:00,202.95,15.8,48.7,0
2024-03-08 11:00:00,125.86,18.5,55.0,0
2024-03-08 12:00:00,133.38,10.1,60.2,0
2024-03-08 13:00:00,114.01,13.1,57.0,0
2024-03-08 14:00:00,120.96,11.9,64.9,0
2024-03-08 15:00:00,218.38,3.4,70.0,0
2024-03-08 16:00:00,143.32,7.8,66.1,0
2024-03-08 17:00:00,269.97,6.8,83.3,0
2024-03-08 18:00:00,256.37,7.4,69.3,0
2024-03-08 19:00:00,272.95,6.6,68.9,0
2024-03-08 20:00:00,245.85,8.5,67.5,0
2024-03-08 21:00:00,197.72,8.9,68.7,1
2024-03-08 22:00:00,249.85,8.4,70.0,0
2024-03-08 23:00:00,139.48,10.2,61.9,0
2024-03-09 00:00:00,91.74,15.3,56.8,0
2024-03-09 01:00:00,100.38,18.9,54.3,0
2024-03-09 02:00:00,85.03,18.3,50.0,0
2024-03-09 03:00:00,83.54,20.8,42.9,0
2024-03-09 04:00:00,106.92,24.6,41.2,0
2024-03-09 05:00:00,158.35,26.3,38.1,0
2024-03-09 06:00:00,117.69,24.3,43.2,0
2024-03-09 07:00:00,230.08,26.8,41.7,0
2024-03-09 08:00:00,224.35,26.3,43.1,0
2024-03-09 09:00:00,171.52,23.1,51.7,1
2024-03-09 10:00:00,156.83,21.1,52.1,0
2024-03-09 11:00:00,88.69,18.9,62.9,0
2024-03-09 12:00:00,101.0,14.0,61.6,0
2024-03-09 13:00:00,98.94,12.6,55.5,0
2024-03-09 14:00:00,118.55,6.4,66.8,1
2024-03-09 15:00:00,128.0,6.3,62.9,0
2024-03-09 16:00:00,134.04,6.0,73.1,0
2024-03-09 17:00:00,257.34,1.8,71.1,0
2024-03-09 18:00:00,245.18,5.0,71.1,0
2024-03-09 19:00:00,232.41,6.1,75.4,0
2024-03-09 20:00:00,220.12,4.9,80.4,0
2024-03-09 21:00:00,230.33,7.2,75.5,1
2024-03-09 22:00:00,199.07,8.4,67.5,0
2024-03-09 23:00:00,89.21,13.2,65.4,0
2024-03-10 00:00:00,86.44,16.0,57.3,0
2024-03-10 01:00:00,103.66,17.0,54.1,0
2024-03-10 02:00:00,127.79,23.6,50.5,0
2024-03-10 03:00:00,157.11,25.8,47.4,0
2024-03-10 04:00:00,78.12,20.8,45.6,0
2024-03-10 05:00:00,136.45,24.7,40.9,0
2024-03-10 06:00:00,183.84,26.9,42.9,0
2024-03-10 07:00:00,210.4,26.5,44.1,0
2024-03-10 08:00:00,157.87,21.7,40.6,0
2024-03-10 09:00:00,167.38,19.4,50.4,0
2024-03-10 10:00:00,189.54,18.6,53.3,0
2024-03-10 11:00:00,102.52,16.4,60.0,0
2024-03-10 12:00:00,93.35,17.2,55.9,0
2024-03-10 13:00:00,98.93,13.1,70.3,0
2024-03-10 14:00:00,82.88,11.7,64.6,0
2024-03-10 15:00:00,109.06,9.0,76.1,0
2024-03-10 16:00:00,125.61,7.7,72.5,0
2024-03-10 17:00:00,219.7,5.5,71.2,0
2024-03-10 18:00:00,223.82,6.0,78.8,0
2024-03-10 19:00:00,228.76,5.3,73.5,0
2024-03-10 20:00:00,225.64,3.6,68.9,0
2024-03-10 21:00:00,199.49,8.5,76.2,0
2024-03-10 22:00:00,183.03,10.7,61.6,0
2024-03-10 23:00:00,99.03,14.9,70.9,0
2024-03-11 00:00:00,109.53,12.8,60.5,0
2024-03-11 01:00:00,104.72,16.9,48.6,1
2024-03-11 02:00:00,114.81,21.1,48.3,0
2024-03-11 03:00:00,121.84,19.0,44.2,0
2024-03-11 04:00:00,130.82,22.4,41.4,0
2024-03-11 05:00:00,163.85,24.5,40.4,0
2024-03-11 06:00:00,175.85,24.8,42.2,0
2024-03-11 07:00:00,263.87,25.1,44.8,0
2024-03-11 08:00:00,223.01,23.9,51.7,0
2024-03-11 09:00:00,261.32,25.7,57.1,0
2024-03-11 10:00:00,187.1,21.1,44.3,0
2024-03-11 11:00:00,114.53,19.1,54.7,0
2024-03-11 12:00:00,120.88,15.5,56.6,0
2024-03-11 13:00:00,97.37,13.9,63.9,0
2024-03-11 14:00:00,122.39,9.1,68.5,0
2024-03-11 15:00:00,184.15,4.7,63.2,0
2024-03-11 16:00:00,152.41,6.2,77.1,0
2024-03-11 17:00:00,316.69,3.8,72.8,0
2024-03-11 18:00:00,281.71,6.2,75.4,0
2024-03-11 19:00:00,220.45,9.2,73.2,0
2024-03-11 20:00:00,238.82,8.1,71.9,0
2024-03-11 21:00:00,272.01,7.2,62.5,0
2024-03-11 22:00:00,233.54,9.8,67.6,0
2024-03-11 23:00:00,131.64,12.8,65.1,0
2024-03-12 00:00:00,110.62,13.3,64.0,0
2024-03-12 01:00:00,115.7,19.6,50.9,0
2024-03-12 02:00:00,128.95,19.4,53.5,0
2024-03-12 03:00:00,130.83,21.9,47.2,0
2024-03-12 04:00:00,198.79,26.4,45.8,0
2024-03-12 05:00:00,209.39,26.5,45.6,0
2024-03-12 06:00:00,177.44,25.3,46.7,0
2024-03-12 07:00:00,201.91,19.5,45.8,0
2024-03-12 08:00:00,216.25,22.7,43.9,0
2024-03-12 09:00:00,283.58,25.7,40.8,0
2024-03-12 10:00:00,192.32,20.9,55.7,0
2024-03-12 11:00:00,119.89,21.7,54.4,0
2024-03-12 12:00:00,87.83,13.6,61.1,0
2024-03-12 13:00:00,111.25,12.2,66.6,0
2024-03-12 14:00:00,147.52,7.8,59.7,0
2024-03-12 15:00:00,139.53,7.7,68.7,0
2024-03-12 16:00:00,143.82,9.5,78.3,0
2024-03-12 17:00:00,327.79,1.0,80.6,0
2024-03-12 18:00:00,293.79,3.9,71.9,0
2024-03-12 19:00:00,278.71,5.0,77.3,0
2024-03-12 20:00:00,279.41,5.9,79.5,0
2024-03-12 21:00:00,262.6,7.2,69.9,0
2024-03-12 22:00:00,235.79,10.2,68.7,0
2024-03-12 23:00:00,115.84,13.5,61.0,0
2024-03-13 00:00:00,129.63,14.8,54.8,0
2024-03-13 01:00:00,129.63,17.6,51.0,0
2024-03-13 02:00:00,104.27,19.7,41.9,0
2024-03-13 03:00:00,150.24,23.4,46.2,0
2024-03-13 04:00:00,175.88,25.5,53.7,0
2024-03-13 05:00:00,154.19,23.3,45.1,0
2024-03-13 06:00:00,182.58,25.2,40.5,0
2024-03-13 07:00:00,231.33,22.9,44.6,0
2024-03-13 08:00:00,235.71,24.4,50.0,0
2024-03-13 09:00:00,251.33,24.4,42.3,0
2024-03-13 10:00:00,212.71,17.9,62.3,0
2024-03-13 11:00:00,98.47,18.1,60.0,0
2024-03-13 12:00:00,142.69,13.7,55.7,0
2024-03-13 13:00:00,109.39,10.2,59.8,0
2024-03-13 14:00:00,123.82,12.3,73.2,0
2024-03-13 15:00:00,112.22,9.8,79.4,0
2024-03-13 16:00:00,134.41,7.0,74.4,0
2024-03-13 17:00:00,267.99,6.3,78.5,0
2024-03-13 18:00:00,277.84,5.8,69.8,0
2024-03-13 19:00:00,258.92,8.0,70.3,0
2024-03-13 20:00:00,220.74,10.5,73.1,0
2024-03-13 21:00:00,283.65,7.4,65.5,0
2024-03-13 22:00:00,247.78,12.2,68.2,0
2024-03-13 23:00:00,118.4,10.6,59.2,0
2024-03-14 00:00:00,108.63,15.4,66.7,0
2024-03-14 01:00:00,128.39,17.2,52.5,0
2024-03-14 02:00:00,115.08,19.7,52.4,0
2024-03-14 03:00:00,116.78,21.2,60.9,0
2024-03-14 04:00:00,181.49,25.8,47.6,0
2024-03-14 05:00:00,191.71,26.2,51.3,0
2024-03-14 06:00:00,217.36,25.5,50.5,0
2024-03-14 07:00:00,248.77,24.6,42.0,0
2024-03-14 08:00:00,203.97,21.9,52.2,0
2024-03-14 09:00:00,212.26,20.6,48.4,0
2024-03-14 10:00:00,194.06,18.7,60.0,0
2024-03-14 11:00:00,128.85,17.4,57.4,0
2024-03-14 12:00:00,115.96,14.5,54.0,0
2024-03-14 13:00:00,114.43,16.0,54.4,0
2024-03-14 14:00:00,114.88,9.5,62.0,0
2024-03-14 15:00:00,126.89,7.1,64.7,0
2024-03-14 16:00:00,188.96,4.4,65.2,0
2024-03-14 17:00:00,275.44,5.9,82.2,0
2024-03-14 18:00:00,305.66,4.1,77.3,0
2024-03-14 19:00:00,283.01,4.4,73.8,0
2024-03-14 20:00:00,276.57,6.5,71.2,0
2024-03-14 21:00:00,279.59,7.1,67.0,0
2024-03-14 22:00:00,230.51,11.3,69.4,0
2024-03-14 23:00:00,120.13,13.6,67.3,0
2024-03-15 00:00:00,107.88,17.4,64.2,0
2024-03-15 01:00:00,114.64,16.6,53.2,0
2024-03-15 02:00:00,122.87,22.8,59.4,0
2024-03-15 03:00:00,147.4,23.7,53.9,0
2024-03-15 04:00:00,137.6,22.6,45.6,0
2024-03-15 05:00:00,113.68,22.4,40.3,0
2024-03-15 06:00:00,193.07,26.4,50.8,0
2024-03-15 07:00:00,224.25,23.4,48.0,0
2024-03-15 08:00:00,251.44,27.6,45.6,1
2024-03-15 09:00:00,214.7,21.2,52.3,0
2024-03-15 10:00:00,207.13,20.8,44.8,0
2024-03-15 11:00:00,157.59,20.3,56.3,0
2024-03-15 12:00:00,122.42,11.1,62.7,0
2024-03-15 13:00:00,114.48,15.0,64.5,0
2024-03-15 14:00:00,120.9,12.6,76.3,0
2024-03-15 15:00:00,113.45,10.9,66.3,0
2024-03-15 16:00:00,127.57,5.7,62.2,1
2024-03-15 17:00:00,287.27,5.6,75.2,0
2024-03-15 18:00:00,304.77,3.6,75.3,0
2024-03-15 19:00:00,261.63,6.8,81.7,0
2024-03-15 20:00:00,185.33,10.8,78.0,1
2024-03-15 21:00:00,252.48,7.9,66.1,0
2024-03-15 22:00:00,281.65,7.2,67.0,0
2024-03-15 23:00:00,124.33,11.7,64.8,0
2024-03-16 00:00:00,95.39,16.0,56.8,0
2024-03-16 01:00:00,94.52,18.1,56.2,0
2024-03-16 02:00:00,85.99,21.6,54.4,0
2024-03-16 03:00:00,122.37,23.2,58.4,0
2024-03-16 04:00:00,81.15,22.3,52.1,0
2024-03-16 05:00:00,147.19,25.1,44.0,0
2024-03-16 06:00:00,175.18,27.8,44.2,0
2024-03-16 07:00:00,164.9,21.4,44.7,0
2024-03-16 08:00:00,225.27,26.3,46.7,0
2024-03-16 09:00:00,162.48,22.6,56.9,0
2024-03-16 10:00:00,155.03,18.7,48.3,0
2024-03-16 11:00:00,109.02,14.4,58.8,0
2024-03-16 12:00:00,93.74,12.9,53.2,1
2024-03-16 13:00:00,90.64,15.9,67.3,0
2024-03-16 14:00:00,116.11,10.1,64.2,1
2024-03-16 15:00:00,150.08,5.0,71.6,0
2024-03-16 16:00:00,136.84,5.8,71.1,0
2024-03-16 17:00:00,244.68,4.1,68.0,0
2024-03-16 18:00:00,261.2,2.7,72.6,0
2024-03-16 19:00:00,241.33,5.4,77.4,0
2024-03-16 20:00:00,206.85,7.3,78.7,0
2024-03-16 21:00:00,188.17,9.4,78.6,0
2024-03-16 22:00:00,179.21,10.9,67.1,0
2024-03-16 23:00:00,90.79,15.0,65.9,0
2024-03-17 00:00:00,91.59,15.3,60.5,0
2024-03-17 01:00:00,99.53,18.4,62.8,0
2024-03-17 02:00:00,116.07,18.2,52.2,0
2024-03-17 03:00:00,94.3,18.7,53.3,0
2024-03-17 04:00:00,119.11,23.6,44.8,0
2024-03-17 05:00:00,167.35,26.4,38.1,0
2024-03-17 06:00:00,104.58,22.3,46.3,0
2024-03-17 07:00:00,189.18,24.2,35.7,0
2024-03-17 08:00:00,227.89,26.3,40.7,0
2024-03-17 09:00:00,152.52,21.8,48.7,0
2024-03-17 10:00:00,160.08,18.1,57.8,0
2024-03-17 11:00:00,98.63,19.4,54.6,0
2024-03-17 12:00:00,87.97,17.2,60.1,0
2024-03-17 13:00:00,100.66,10.8,70.0,0
2024-03-17 14:00:00,119.79,9.1,62.1,0
2024-03-17 15:00:00,108.78,8.7,65.6,0
2024-03-17 16:00:00,132.65,7.3,74.5,0
2024-03-17 17:00:00,192.72,8.2,77.0,0
2024-03-17 18:00:00,226.2,5.6,73.7,0
2024-03-17 19:00:00,203.95,7.1,77.2,0
2024-03-17 20:00:00,202.11,8.1,74.1,0
2024-03-17 21:00:00,203.07,8.8,72.6,0
2024-03-17 22:00:00,198.37,10.6,66.7,0
2024-03-17 23:00:00,94.52,14.2,68.2,0
2024-03-18 00:00:00,118.57,18.8,69.7,0
2024-03-18 01:00:00,131.21,16.9,58.1,0
2024-03-18 02:00:00,140.94,20.0,53.3,0
2024-03-18 03:00:00,114.31,22.0,50.8,0
2024-03-18 04:00:00,169.58,24.8,52.7,0
2024-03-18 05:00:00,157.72,23.7,51.3,0
2024-03-18 06:00:00,213.23,27.0,52.4,0
2024-03-18 07:00:00,207.35,22.6,48.7,0
2024-03-18 08:00:00,267.43,24.7,50.4,0
2024-03-18 09:00:00,199.57,19.0,55.1,0
2024-03-18 10:00:00,187.51,18.6,53.4,0
2024-03-18 11:00:00,127.34,13.2,50.8,0
2024-03-18 12:00:00,111.68,18.9,62.2,0
2024-03-18 13:00:00,136.61,10.1,64.6,0
2024-03-18 14:00:00,129.65,9.2,69.4,0
2024-03-18 15:00:00,109.41,11.3,68.7,0
2024-03-18 16:00:00,164.19,4.8,70.0,0
2024-03-18 17:00:00,261.36,8.7,78.5,0
2024-03-18 18:00:00,276.31,6.4,82.3,0
2024-03-18 19:00:00,220.76,8.4,73.2,0
2024-03-18 20:00:00,269.96,5.5,68.6,0
2024-03-18 21:00:00,251.09,7.1,73.6,0
2024-03-18 22:00:00,240.16,12.9,63.5,0
2024-03-18 23:00:00,110.27,12.7,57.4,0
2024-03-19 00:00:00,105.61,15.8,57.2,0
2024-03-19 01:00:00,117.26,19.0,52.8,0
2024-03-19 02:00:00,126.34,17.5,58.8,0
2024-03-19 03:00:00,113.61,20.8,45.1,0
2024-03-19 04:00:00,159.87,24.9,51.6,0
2024-03-19 05:00:00,179.27,25.2,43.3,0
2024-03-19 06:00:00,166.97,24.0,51.3,0
2024-03-19 07:00:00,207.49,22.9,46.1,0
2024-03-19 08:00:00,247.77,23.8,38.9,0
2024-03-19 09:00:00,232.22,22.9,56.9,0
2024-03-19 10:00:00,192.46,19.8,51.7,0
2024-03-19 11:00:00,123.17,18.6,61.9,0
2024-03-19 12:00:00,130.48,15.9,58.5,0
2024-03-19 13:00:00,128.34,9.9,64.0,0
2024-03-19 14:00:00,119.11,12.4,61.0,0
2024-03-19 15:00:00,151.96,7.5,61.4,0
2024-03-19 16:00:00,189.87,5.4,70.6,0
2024-03-19 17:00:00,313.92,3.7,67.6,0
2024-03-19 18:00:00,313.31,4.1,68.0,0
2024-03-19 19:00:00,283.94,5.5,77.4,0
2024-03-19 20:00:00,309.69,3.7,72.9,0
2024-03-19 21:00:00,250.03,7.9,70.8,0
2024-03-19 22:00:00,265.92,7.8,67.3,0
2024-03-19 23:00:00,112.0,10.8,64.1,0
2024-03-20 00:00:00,116.62,14.4,60.8,0
2024-03-20 01:00:00,104.11,17.1,55.6,0
2024-03-20 02:00:00,103.24,20.5,46.4,0
2024-03-20 03:00:00,113.82,20.3,56.5,0
2024-03-20 04:00:00,166.04,24.7,43.2,0
2024-03-20 05:00:00,159.98,24.5,46.2,0
2024-03-20 06:00:00,153.03,23.0,38.3,0
2024-03-20 07:00:00,199.85,24.7,47.4,1
2024-03-20 08:00:00,212.05,22.4,52.4,0
2024-03-20 09:00:00,233.52,22.8,47.5,0
2024-03-20 10:00:00,221.79,20.0,53.7,0
2024-03-20 11:00:00,117.27,19.5,63.6,0
2024-03-20 12:00:00,127.29,13.9,63.3,0
2024-03-20 13:00:00,88.15,11.7,68.0,1
2024-03-20 14:00:00,116.63,10.7,69.8,0
2024-03-20 15:00:00,192.6,5.2,69.1,0
2024-03-20 16:00:00,169.22,5.7,68.8,0
2024-03-20 17:00:00,261.96,6.4,77.2,0
2024-03-20 18:00:00,286.59,5.9,74.4,0
2024-03-20 19:00:00,305.93,5.1,80.1,0
2024-03-20 20:00:00,314.52,3.1,72.7,0
2024-03-20 21:00:00,254.81,8.1,69.2,0
2024-03-20 22:00:00,236.91,10.4,81.1,0
2024-03-20 23:00:00,123.84,15.1,59.8,0
2024-03-21 00:00:00,123.06,13.7,53.6,0
2024-03-21 01:00:00,117.55,16.0,52.8,0
2024-03-21 02:00:00,112.93,21.8,51.7,0
2024-03-21 03:00:00,147.0,23.7,51.5,0
2024-03-21 04:00:00,178.49,25.7,47.5,0
2024-03-21 05:00:00,104.58,20.0,47.3,0
2024-03-21 06:00:00,225.95,27.7,50.6,0
2024-03-21 07:00:00,283.57,26.5,49.2,0
2024-03-21 08:00:00,174.66,22.5,40.8,1
2024-03-21 09:00:00,202.9,21.5,62.0,0
2024-03-21 10:00:00,160.11,18.3,54.3,1
2024-03-21 11:00:00,104.35,13.4,59.1,0
2024-03-21 12:00:00,120.17,17.7,66.6,0
2024-03-21 13:00:00,147.19,14.4,60.8,0
2024-03-21 14:00:00,129.49,11.4,64.9,0
2024-03-21 15:00:00,139.72,8.6,66.4,0
2024-03-21 16:00:00,155.23,7.9,68.1,0
2024-03-21 17:00:00,284.35,5.2,83.2,0
2024-03-21 18:00:00,274.79,6.1,76.3,0
2024-03-21 19:00:00,311.64,4.6,63.4,0
2024-03-21 20:00:00,282.7,5.4,74.2,0
2024-03-21 21:00:00,275.93,7.3,69.4,0
2024-03-21 22:00:00,214.29,11.3,66.5,0
2024-03-21 23:00:00,95.71,10.8,59.6,1
2024-03-22 00:00:00,125.7,18.1,71.0,0
2024-03-22 01:00:00,98.9,17.6,63.5,0
2024-03-22 02:00:00,133.7,22.3,50.6,0
2024-03-22 03:00:00,116.87,19.7,53.3,0
2024-03-22 04:00:00,162.87,23.4,49.2,0
2024-03-22 05:00:00,111.26,21.5,49.3,0
2024-03-22 06:00:00,186.37,26.4,50.8,0
2024-03-22 07:00:00,215.13,22.8,43.3,0
2024-03-22 08:00:00,203.42,22.7,43.2,0
2024-03-22 09:00:00,221.99,23.2,50.8,0
2024-03-22 10:00:00,216.81,16.1,55.6,0
2024-03-22 11:00:00,115.66,18.3,51.2,0
2024-03-22 12:00:00,126.58,13.2,61.2,0
2024-03-22 13:00:00,124.07,11.1,56.2,0
2024-03-22 14:00:00,136.18,8.6,70.8,0
2024-03-22 15:00:00,112.89,9.8,73.3,1
2024-03-22 16:00:00,158.37,7.0,71.6,0
2024-03-22 17:00:00,276.65,6.3,72.7,0
2024-03-22 18:00:00,287.97,5.0,73.9,0
2024-03-22 19:00:00,298.41,5.4,76.9,0
2024-03-22 20:00:00,257.99,8.2,86.1,0
2024-03-22 21:00:00,233.39,11.1,68.0,0
2024-03-22 22:00:00,234.3,9.8,73.4,0
2024-03-22 23:00:00,89.53,15.1,60.9,0
2024-03-23 00:00:00,95.67,13.9,60.5,0
2024-03-23 01:00:00,74.67,17.0,49.2,0
2024-03-23 02:00:00,89.56,16.1,48.0,0
2024-03-23 03:00:00,126.65,23.9,52.5,0
2024-03-23 04:00:00,139.63,24.0,47.9,1
2024-03-23 05:00:00,138.9,25.1,51.1,0
2024-03-23 06:00:00,112.41,23.8,44.3,0
2024-03-23 07:00:00,179.71,24.2,52.6,0
2024-03-23 08:00:00,177.4,24.0,50.6,0
2024-03-23 09:00:00,179.86,23.2,50.3,0
2024-03-23 10:00:00,164.4,17.9,51.1,0
2024-03-23 11:00:00,100.21,15.2,60.5,0
2024-03-23 12:00:00,90.52,11.7,56.9,0
2024-03-23 13:00:00,86.99,14.0,68.4,0
2024-03-23 14:00:00,135.67,6.7,64.6,0
2024-03-23 15:00:00,117.38,8.9,77.0,0
2024-03-23 16:00:00,114.11,7.2,70.4,0
2024-03-23 17:00:00,198.56,7.2,81.5,0
2024-03-23 18:00:00,192.76,9.9,74.3,0
2024-03-23 19:00:00,214.81,4.1,70.6,0
2024-03-23 20:00:00,231.56,5.3,72.5,0
2024-03-23 21:00:00,198.5,8.9,64.6,0
2024-03-23 22:00:00,165.09,12.4,73.1,0
2024-03-23 23:00:00,108.01,11.7,62.9,0
2024-03-24 00:00:00,104.21,15.9,58.7,0
2024-03-24 01:00:00,94.98,15.2,51.8,0
2024-03-24 02:00:00,110.99,23.5,52.1,0
2024-03-24 03:00:00,125.56,23.2,51.7,0
2024-03-24 04:00:00,147.37,26.1,33.9,0
2024-03-24 05:00:00,143.87,25.4,43.6,0
2024-03-24 06:00:00,130.72,25.1,36.5,0
2024-03-24 07:00:00,233.57,26.6,47.3,0
